nb_sow, date, nb_S, nb_IN, nb_IP, nb_CP, nb_S_o, nb_IN_o, nb_IP_o, nb_CP_o, seed
1.0,122.0,11.0,2.0,3.0,6.0,0.0,0.0,0.0,0.0,4
97.0,147.0,1.0,950.0,498.0,589.0,0.0,0.0,0.0,0.0,5
100.0,154.0,0.0,484.0,417.0,199.0,0.0,68.0,331.0,602.0,1
98.0,122.0,1078.0,0.0,173.0,808.0,0.0,0.0,0.0,0.0,6
98.0,122.0,1078.0,0.0,327.0,654.0,0.0,0.0,0.0,0.0,4
97.0,147.0,3.0,939.0,523.0,573.0,0.0,0.0,0.0,0.0,0
100.0,154.0,0.0,553.0,409.0,138.0,0.0,57.0,425.0,519.0,9
100.0,154.0,0.0,546.0,280.0,274.0,0.0,60.0,179.0,762.0,7
100.0,154.0,0.0,531.0,432.0,137.0,0.0,61.0,377.0,563.0,5
97.0,154.0,0.0,522.0,278.0,267.0,0.0,62.0,179.0,730.0,8
100.0,154.0,0.0,535.0,289.0,276.0,0.0,57.0,193.0,751.0,2
97.0,147.0,2.0,950.0,432.0,654.0,0.0,0.0,0.0,0.0,3
98.0,122.0,1078.0,1.0,167.0,813.0,0.0,0.0,0.0,0.0,8
100.0,147.0,3.0,955.0,288.0,855.0,0.0,0.0,0.0,0.0,6
98.0,122.0,1078.0,0.0,394.0,587.0,0.0,0.0,0.0,0.0,0
100.0,147.0,1.0,969.0,435.0,696.0,0.0,0.0,0.0,0.0,4
98.0,147.0,2.0,987.0,476.0,594.0,0.0,0.0,0.0,0.0,5
100.0,147.0,1.0,966.0,309.0,825.0,0.0,0.0,0.0,0.0,2
98.0,147.0,1.0,950.0,305.0,803.0,0.0,0.0,0.0,0.0,6
100.0,147.0,1.0,970.0,442.0,688.0,0.0,0.0,0.0,0.0,1
1.0,122.0,12.0,1.0,0.0,9.0,0.0,0.0,0.0,0.0,6
1.0,122.0,11.0,0.0,1.0,10.0,0.0,0.0,0.0,0.0,7
1.0,122.0,11.0,0.0,0.0,11.0,0.0,0.0,0.0,0.0,1
1.0,122.0,11.0,0.0,4.0,7.0,0.0,0.0,0.0,0.0,9
6.0,147.0,65.0,1.0,33.0,28.0,0.0,0.0,0.0,0.0,5
6.0,147.0,65.0,1.0,17.0,44.0,0.0,0.0,0.0,0.0,3
6.0,147.0,65.0,1.0,33.0,28.0,0.0,0.0,0.0,0.0,5
6.0,147.0,66.0,0.0,12.0,49.0,0.0,0.0,0.0,0.0,6
6.0,154.0,34.0,22.0,5.0,5.0,5.0,1.0,6.0,49.0,8
6.0,147.0,66.0,0.0,7.0,54.0,0.0,0.0,0.0,0.0,7
100.0,147.0,1.0,970.0,442.0,688.0,0.0,0.0,0.0,0.0,1
100.0,154.0,0.0,546.0,280.0,274.0,0.0,60.0,179.0,762.0,7
100.0,147.0,1.0,961.0,298.0,841.0,0.0,0.0,0.0,0.0,7
100.0,147.0,1.0,941.0,565.0,594.0,0.0,0.0,0.0,0.0,0
1.0,122.0,11.0,0.0,4.0,7.0,0.0,0.0,0.0,0.0,3
1.0,122.0,11.0,0.0,4.0,7.0,0.0,0.0,0.0,0.0,3
1.0,122.0,11.0,0.0,7.0,4.0,0.0,0.0,0.0,0.0,0
6.0,122.0,66.0,0.0,7.0,54.0,0.0,0.0,0.0,0.0,7
6.0,122.0,66.0,0.0,26.0,35.0,0.0,0.0,0.0,0.0,5
5.0,154.0,50.0,0.0,0.0,5.0,4.0,0.0,9.0,38.0,7
5.0,154.0,38.0,9.0,4.0,4.0,4.0,0.0,13.0,34.0,1
5.0,154.0,50.0,0.0,1.0,4.0,3.0,1.0,16.0,31.0,3
5.0,154.0,50.0,0.0,1.0,4.0,4.0,1.0,13.0,33.0,4
5.0,154.0,38.0,9.0,4.0,4.0,4.0,0.0,13.0,34.0,1
96.0,122.0,1056.0,0.0,310.0,651.0,0.0,0.0,0.0,0.0,4
96.0,122.0,1056.0,0.0,192.0,769.0,0.0,0.0,0.0,0.0,8
96.0,122.0,1056.0,0.0,363.0,598.0,0.0,0.0,0.0,0.0,9
100.0,147.0,13.0,1029.0,374.0,685.0,0.0,0.0,0.0,0.0,4
100.0,147.0,19.0,1019.0,221.0,842.0,0.0,0.0,0.0,0.0,6
100.0,154.0,0.0,565.0,419.0,116.0,0.0,61.0,377.0,563.0,5
100.0,154.0,0.0,570.0,295.0,235.0,0.0,73.0,187.0,741.0,8
100.0,154.0,0.0,593.0,386.0,121.0,0.0,57.0,425.0,519.0,9
100.0,154.0,0.0,570.0,295.0,235.0,0.0,73.0,187.0,741.0,8
100.0,154.0,0.0,560.0,367.0,173.0,0.0,63.0,309.0,629.0,4
96.0,122.0,1056.0,0.0,185.0,776.0,0.0,0.0,0.0,0.0,7
96.0,147.0,13.0,993.0,327.0,684.0,0.0,0.0,0.0,0.0,3
96.0,147.0,17.0,993.0,440.0,567.0,0.0,0.0,0.0,0.0,5
96.0,147.0,14.0,984.0,344.0,675.0,0.0,0.0,0.0,0.0,1
96.0,147.0,21.0,980.0,422.0,594.0,0.0,0.0,0.0,0.0,0
96.0,147.0,14.0,984.0,344.0,675.0,0.0,0.0,0.0,0.0,1
100.0,147.0,13.0,1028.0,400.0,660.0,0.0,0.0,0.0,0.0,3
96.0,154.0,0.0,579.0,316.0,161.0,0.0,61.0,298.0,602.0,1
96.0,154.0,0.0,579.0,316.0,161.0,0.0,61.0,298.0,602.0,1
96.0,154.0,0.0,569.0,255.0,232.0,0.0,68.0,186.0,707.0,6
97.0,122.0,1067.0,0.0,193.0,778.0,0.0,0.0,0.0,0.0,2
96.0,154.0,0.0,565.0,377.0,114.0,0.0,60.0,376.0,525.0,0
97.0,122.0,1067.0,1.0,308.0,662.0,0.0,0.0,0.0,0.0,4
96.0,154.0,0.0,533.0,368.0,155.0,0.0,64.0,292.0,605.0,3
97.0,122.0,1067.0,0.0,195.0,776.0,0.0,0.0,0.0,0.0,8
97.0,122.0,1067.0,1.0,337.0,633.0,0.0,0.0,0.0,0.0,3
97.0,122.0,1067.0,0.0,277.0,694.0,0.0,0.0,0.0,0.0,1
100.0,147.0,11.0,1022.0,474.0,594.0,0.0,0.0,0.0,0.0,0
97.0,147.0,7.0,1007.0,233.0,791.0,0.0,0.0,0.0,0.0,8
100.0,147.0,13.0,1029.0,374.0,685.0,0.0,0.0,0.0,0.0,4
97.0,147.0,17.0,995.0,375.0,651.0,0.0,0.0,0.0,0.0,3
97.0,147.0,17.0,995.0,375.0,651.0,0.0,0.0,0.0,0.0,3
100.0,122.0,1100.0,0.0,280.0,721.0,0.0,0.0,0.0,0.0,3
97.0,147.0,17.0,995.0,375.0,651.0,0.0,0.0,0.0,0.0,3
97.0,147.0,13.0,1011.0,433.0,581.0,0.0,0.0,0.0,0.0,0
97.0,154.0,0.0,554.0,357.0,156.0,0.0,58.0,295.0,618.0,4
97.0,154.0,0.0,571.0,250.0,246.0,0.0,61.0,197.0,713.0,2
97.0,154.0,0.0,571.0,250.0,246.0,0.0,61.0,197.0,713.0,2
98.0,122.0,1078.0,0.0,282.0,699.0,0.0,0.0,0.0,0.0,1
97.0,154.0,0.0,557.0,354.0,156.0,0.0,67.0,305.0,599.0,3
98.0,122.0,1078.0,0.0,174.0,807.0,0.0,0.0,0.0,0.0,6
97.0,154.0,0.0,554.0,357.0,156.0,0.0,58.0,295.0,618.0,4
100.0,122.0,1100.0,0.0,280.0,721.0,0.0,0.0,0.0,0.0,3
98.0,122.0,1078.0,0.0,393.0,588.0,0.0,0.0,0.0,0.0,0
98.0,122.0,1078.0,0.0,169.0,812.0,0.0,0.0,0.0,0.0,2
98.0,122.0,1078.0,0.0,282.0,699.0,0.0,0.0,0.0,0.0,1
98.0,147.0,15.0,1006.0,466.0,572.0,0.0,0.0,0.0,0.0,9
100.0,122.0,1100.0,0.0,198.0,803.0,0.0,0.0,0.0,0.0,7
98.0,147.0,18.0,999.0,354.0,688.0,0.0,0.0,0.0,0.0,1
98.0,147.0,11.0,1003.0,256.0,789.0,0.0,0.0,0.0,0.0,6
98.0,147.0,8.0,1026.0,351.0,674.0,0.0,0.0,0.0,0.0,4
98.0,147.0,11.0,1003.0,256.0,789.0,0.0,0.0,0.0,0.0,6
100.0,122.0,1100.0,0.0,179.0,822.0,0.0,0.0,0.0,0.0,6
98.0,154.0,0.0,590.0,258.0,230.0,0.0,60.0,169.0,752.0,8
98.0,154.0,0.0,593.0,373.0,112.0,0.0,62.0,363.0,556.0,5
98.0,154.0,0.0,576.0,370.0,132.0,0.0,57.0,384.0,540.0,0
99.0,122.0,1089.0,0.0,175.0,816.0,0.0,0.0,0.0,0.0,7
99.0,122.0,1089.0,0.0,180.0,811.0,0.0,0.0,0.0,0.0,6
98.0,154.0,0.0,593.0,373.0,112.0,0.0,62.0,363.0,556.0,5
99.0,122.0,1089.0,0.0,214.0,777.0,0.0,0.0,0.0,0.0,8
100.0,122.0,1100.0,0.0,179.0,822.0,0.0,0.0,0.0,0.0,6
98.0,154.0,0.0,590.0,258.0,230.0,0.0,60.0,169.0,752.0,8
99.0,122.0,1089.0,0.0,279.0,712.0,0.0,0.0,0.0,0.0,1
99.0,122.0,1089.0,0.0,423.0,568.0,0.0,0.0,0.0,0.0,0
99.0,147.0,16.0,1036.0,348.0,680.0,0.0,0.0,0.0,0.0,1
99.0,147.0,19.0,1010.0,466.0,585.0,0.0,0.0,0.0,0.0,5
99.0,147.0,20.0,1007.0,384.0,669.0,0.0,0.0,0.0,0.0,3
99.0,147.0,18.0,1020.0,234.0,808.0,0.0,0.0,0.0,0.0,8
99.0,147.0,15.0,1025.0,365.0,675.0,0.0,0.0,0.0,0.0,4
99.0,154.0,0.0,580.0,340.0,169.0,0.0,64.0,307.0,620.0,4
99.0,154.0,0.0,557.0,345.0,187.0,0.0,66.0,319.0,606.0,1
99.0,154.0,0.0,557.0,345.0,187.0,0.0,66.0,319.0,606.0,1
99.0,154.0,0.0,557.0,345.0,187.0,0.0,66.0,319.0,606.0,1
96.0,122.0,1056.0,0.0,280.0,681.0,0.0,0.0,0.0,0.0,1
99.0,154.0,0.0,581.0,383.0,125.0,0.0,62.0,414.0,515.0,9
95.0,154.0,0.0,561.0,325.0,159.0,0.0,57.0,290.0,604.0,1
95.0,154.0,0.0,522.0,294.0,229.0,0.0,57.0,214.0,680.0,2
95.0,154.0,0.0,561.0,325.0,159.0,0.0,57.0,290.0,604.0,1
95.0,147.0,12.0,995.0,217.0,772.0,0.0,0.0,0.0,0.0,7
95.0,154.0,0.0,561.0,325.0,159.0,0.0,57.0,290.0,604.0,1
95.0,147.0,17.0,986.0,434.0,559.0,0.0,0.0,0.0,0.0,5
95.0,154.0,0.0,522.0,294.0,229.0,0.0,57.0,214.0,680.0,2
95.0,147.0,13.0,984.0,465.0,534.0,0.0,0.0,0.0,0.0,9
95.0,147.0,12.0,995.0,217.0,772.0,0.0,0.0,0.0,0.0,7
95.0,122.0,1045.0,2.0,380.0,569.0,0.0,0.0,0.0,0.0,5
95.0,147.0,18.0,975.0,215.0,788.0,0.0,0.0,0.0,0.0,6
95.0,122.0,1045.0,2.0,380.0,569.0,0.0,0.0,0.0,0.0,5
95.0,122.0,1045.0,0.0,198.0,753.0,0.0,0.0,0.0,0.0,8
95.0,122.0,1045.0,0.0,155.0,796.0,0.0,0.0,0.0,0.0,2
95.0,122.0,1045.0,0.0,296.0,655.0,0.0,0.0,0.0,0.0,1
94.0,147.0,12.0,968.0,212.0,783.0,0.0,0.0,0.0,0.0,7
94.0,154.0,0.0,532.0,336.0,166.0,0.0,68.0,287.0,586.0,3
94.0,147.0,23.0,963.0,351.0,638.0,0.0,0.0,0.0,0.0,1
94.0,154.0,0.0,530.0,268.0,236.0,0.0,61.0,182.0,698.0,6
94.0,154.0,0.0,538.0,389.0,107.0,0.0,56.0,402.0,483.0,0
94.0,154.0,0.0,526.0,270.0,238.0,0.0,61.0,176.0,704.0,8
94.0,154.0,0.0,532.0,336.0,166.0,0.0,68.0,287.0,586.0,3
94.0,147.0,13.0,969.0,334.0,659.0,0.0,0.0,0.0,0.0,3
94.0,147.0,17.0,959.0,228.0,771.0,0.0,0.0,0.0,0.0,8
94.0,147.0,23.0,963.0,351.0,638.0,0.0,0.0,0.0,0.0,1
94.0,122.0,1034.0,0.0,162.0,779.0,0.0,0.0,0.0,0.0,2
94.0,122.0,1034.0,0.0,381.0,560.0,0.0,0.0,0.0,0.0,9
94.0,122.0,1034.0,0.0,162.0,779.0,0.0,0.0,0.0,0.0,2
94.0,122.0,1034.0,0.0,162.0,779.0,0.0,0.0,0.0,0.0,2
94.0,122.0,1034.0,1.0,405.0,535.0,0.0,0.0,0.0,0.0,0
93.0,154.0,0.0,543.0,325.0,155.0,0.0,59.0,292.0,580.0,1
93.0,154.0,0.0,509.0,356.0,158.0,0.0,56.0,263.0,612.0,4
93.0,147.0,15.0,965.0,340.0,634.0,0.0,0.0,0.0,0.0,1
93.0,154.0,0.0,535.0,259.0,229.0,0.0,58.0,187.0,686.0,6
93.0,154.0,0.0,560.0,343.0,120.0,0.0,61.0,328.0,542.0,9
93.0,122.0,1023.0,2.0,376.0,553.0,0.0,0.0,0.0,0.0,5
93.0,154.0,0.0,509.0,356.0,158.0,0.0,56.0,263.0,612.0,4
93.0,147.0,26.0,949.0,304.0,675.0,0.0,0.0,0.0,0.0,3
93.0,147.0,14.0,953.0,224.0,763.0,0.0,0.0,0.0,0.0,6
93.0,147.0,26.0,949.0,304.0,675.0,0.0,0.0,0.0,0.0,3
93.0,122.0,1023.0,0.0,280.0,651.0,0.0,0.0,0.0,0.0,4
93.0,122.0,1023.0,0.0,289.0,642.0,0.0,0.0,0.0,0.0,3
93.0,122.0,1023.0,0.0,365.0,566.0,0.0,0.0,0.0,0.0,9
93.0,122.0,1023.0,0.0,170.0,761.0,0.0,0.0,0.0,0.0,8
93.0,147.0,20.0,945.0,198.0,791.0,0.0,0.0,0.0,0.0,7
92.0,154.0,0.0,524.0,372.0,116.0,0.0,57.0,362.0,502.0,5
92.0,154.0,0.0,535.0,251.0,226.0,0.0,59.0,171.0,691.0,2
92.0,154.0,0.0,548.0,339.0,125.0,0.0,62.0,266.0,593.0,1
92.0,154.0,0.0,548.0,339.0,125.0,0.0,62.0,266.0,593.0,1
92.0,154.0,0.0,552.0,249.0,211.0,0.0,53.0,163.0,705.0,6
92.0,147.0,7.0,956.0,435.0,535.0,0.0,0.0,0.0,0.0,5
92.0,147.0,16.0,941.0,227.0,749.0,0.0,0.0,0.0,0.0,8
92.0,147.0,12.0,956.0,382.0,583.0,0.0,0.0,0.0,0.0,9
92.0,147.0,11.0,947.0,215.0,760.0,0.0,0.0,0.0,0.0,2
92.0,122.0,1012.0,0.0,347.0,574.0,0.0,0.0,0.0,0.0,5
92.0,122.0,1012.0,0.0,180.0,741.0,0.0,0.0,0.0,0.0,6
92.0,122.0,1012.0,1.0,295.0,625.0,0.0,0.0,0.0,0.0,1
92.0,122.0,1012.0,0.0,347.0,574.0,0.0,0.0,0.0,0.0,5
92.0,147.0,21.0,957.0,203.0,752.0,0.0,0.0,0.0,0.0,7
92.0,122.0,1012.0,0.0,268.0,653.0,0.0,0.0,0.0,0.0,4
91.0,154.0,0.0,518.0,352.0,131.0,0.0,59.0,363.0,489.0,9
91.0,154.0,0.0,542.0,340.0,119.0,0.0,58.0,350.0,503.0,0
91.0,154.0,0.0,532.0,331.0,138.0,0.0,54.0,284.0,573.0,3
91.0,154.0,0.0,512.0,340.0,149.0,0.0,51.0,295.0,565.0,4
91.0,147.0,10.0,944.0,400.0,558.0,0.0,0.0,0.0,0.0,9
91.0,147.0,12.0,942.0,336.0,622.0,0.0,0.0,0.0,0.0,4
91.0,147.0,20.0,931.0,430.0,531.0,0.0,0.0,0.0,0.0,0
91.0,147.0,12.0,942.0,336.0,622.0,0.0,0.0,0.0,0.0,4
91.0,154.0,0.0,532.0,331.0,138.0,0.0,54.0,284.0,573.0,3
91.0,147.0,20.0,931.0,430.0,531.0,0.0,0.0,0.0,0.0,0
91.0,122.0,1001.0,1.0,178.0,732.0,0.0,0.0,0.0,0.0,2
91.0,122.0,1001.0,0.0,155.0,756.0,0.0,0.0,0.0,0.0,6
91.0,122.0,1001.0,0.0,157.0,754.0,0.0,0.0,0.0,0.0,7
91.0,122.0,1001.0,0.0,157.0,754.0,0.0,0.0,0.0,0.0,7
91.0,122.0,1001.0,0.0,344.0,567.0,0.0,0.0,0.0,0.0,9
90.0,154.0,0.0,520.0,359.0,111.0,0.0,60.0,360.0,481.0,9
90.0,154.0,0.0,505.0,285.0,200.0,0.0,54.0,162.0,685.0,8
90.0,154.0,0.0,531.0,308.0,151.0,0.0,50.0,259.0,592.0,4
90.0,147.0,15.0,937.0,307.0,632.0,0.0,0.0,0.0,0.0,3
90.0,154.0,0.0,504.0,270.0,216.0,0.0,62.0,155.0,684.0,2
90.0,154.0,0.0,504.0,270.0,216.0,0.0,62.0,155.0,684.0,2
90.0,147.0,16.0,914.0,240.0,721.0,0.0,0.0,0.0,0.0,6
90.0,147.0,7.0,926.0,216.0,742.0,0.0,0.0,0.0,0.0,2
90.0,147.0,11.0,944.0,181.0,755.0,0.0,0.0,0.0,0.0,7
90.0,147.0,16.0,914.0,240.0,721.0,0.0,0.0,0.0,0.0,6
90.0,122.0,990.0,0.0,163.0,738.0,0.0,0.0,0.0,0.0,6
90.0,122.0,990.0,0.0,278.0,623.0,0.0,0.0,0.0,0.0,1
90.0,122.0,990.0,1.0,165.0,735.0,0.0,0.0,0.0,0.0,7
90.0,122.0,990.0,0.0,351.0,550.0,0.0,0.0,0.0,0.0,5
90.0,122.0,990.0,0.0,351.0,550.0,0.0,0.0,0.0,0.0,5
89.0,154.0,0.0,505.0,356.0,118.0,0.0,53.0,327.0,511.0,5
89.0,154.0,0.0,503.0,248.0,228.0,0.0,55.0,176.0,660.0,8
89.0,154.0,0.0,503.0,248.0,228.0,0.0,55.0,176.0,660.0,8
89.0,154.0,0.0,520.0,341.0,118.0,0.0,49.0,374.0,468.0,9
89.0,147.0,20.0,899.0,212.0,739.0,0.0,0.0,0.0,0.0,6
89.0,154.0,0.0,527.0,241.0,211.0,0.0,52.0,164.0,675.0,2
89.0,147.0,17.0,923.0,195.0,735.0,0.0,0.0,0.0,0.0,7
89.0,147.0,15.0,928.0,386.0,541.0,0.0,0.0,0.0,0.0,9
89.0,147.0,17.0,923.0,195.0,735.0,0.0,0.0,0.0,0.0,7
89.0,147.0,20.0,899.0,212.0,739.0,0.0,0.0,0.0,0.0,6
89.0,122.0,979.0,0.0,354.0,537.0,0.0,0.0,0.0,0.0,0
89.0,122.0,979.0,0.0,196.0,695.0,0.0,0.0,0.0,0.0,8
89.0,122.0,979.0,1.0,332.0,558.0,0.0,0.0,0.0,0.0,9
89.0,122.0,979.0,0.0,284.0,607.0,0.0,0.0,0.0,0.0,1
89.0,122.0,979.0,0.0,332.0,559.0,0.0,0.0,0.0,0.0,5
88.0,154.0,0.0,495.0,251.0,222.0,0.0,52.0,165.0,664.0,2
88.0,147.0,27.0,898.0,374.0,550.0,0.0,0.0,0.0,0.0,9
88.0,154.0,0.0,475.0,333.0,160.0,0.0,58.0,275.0,548.0,1
88.0,154.0,0.0,495.0,254.0,219.0,0.0,54.0,168.0,659.0,7
88.0,154.0,0.0,504.0,248.0,216.0,0.0,52.0,157.0,672.0,6
88.0,154.0,0.0,495.0,251.0,222.0,0.0,52.0,165.0,664.0,2
88.0,147.0,19.0,898.0,299.0,633.0,0.0,0.0,0.0,0.0,4
88.0,147.0,27.0,898.0,374.0,550.0,0.0,0.0,0.0,0.0,9
88.0,147.0,17.0,910.0,178.0,744.0,0.0,0.0,0.0,0.0,7
88.0,147.0,11.0,910.0,394.0,534.0,0.0,0.0,0.0,0.0,5
88.0,122.0,968.0,0.0,148.0,733.0,0.0,0.0,0.0,0.0,8
88.0,122.0,968.0,0.0,361.0,520.0,0.0,0.0,0.0,0.0,5
88.0,122.0,968.0,1.0,292.0,588.0,0.0,0.0,0.0,0.0,4
88.0,122.0,968.0,0.0,140.0,741.0,0.0,0.0,0.0,0.0,2
88.0,122.0,968.0,1.0,173.0,707.0,0.0,0.0,0.0,0.0,6
87.0,154.0,0.0,514.0,302.0,141.0,0.0,50.0,275.0,546.0,4
87.0,154.0,0.0,520.0,305.0,132.0,0.0,47.0,245.0,579.0,1
87.0,154.0,0.0,525.0,326.0,106.0,0.0,62.0,327.0,482.0,9
87.0,154.0,0.0,514.0,218.0,225.0,0.0,66.0,127.0,678.0,7
87.0,154.0,0.0,499.0,243.0,215.0,0.0,52.0,171.0,648.0,8
87.0,147.0,15.0,894.0,319.0,600.0,0.0,0.0,0.0,0.0,4
87.0,147.0,22.0,892.0,330.0,584.0,0.0,0.0,0.0,0.0,3
87.0,147.0,35.0,888.0,389.0,516.0,0.0,0.0,0.0,0.0,0
87.0,147.0,18.0,902.0,366.0,542.0,0.0,0.0,0.0,0.0,5
87.0,147.0,13.0,911.0,290.0,614.0,0.0,0.0,0.0,0.0,1
87.0,122.0,957.0,1.0,286.0,584.0,0.0,0.0,0.0,0.0,3
87.0,122.0,957.0,1.0,153.0,717.0,0.0,0.0,0.0,0.0,7
87.0,122.0,957.0,0.0,251.0,620.0,0.0,0.0,0.0,0.0,1
87.0,122.0,957.0,0.0,168.0,703.0,0.0,0.0,0.0,0.0,2
87.0,122.0,957.0,0.0,251.0,620.0,0.0,0.0,0.0,0.0,1
86.0,154.0,0.0,506.0,312.0,128.0,0.0,56.0,261.0,544.0,4
86.0,154.0,0.0,506.0,312.0,128.0,0.0,56.0,261.0,544.0,4
86.0,154.0,0.0,473.0,254.0,219.0,0.0,53.0,149.0,659.0,2
86.0,147.0,13.0,888.0,206.0,700.0,0.0,0.0,0.0,0.0,6
86.0,154.0,0.0,509.0,289.0,148.0,0.0,47.0,276.0,538.0,1
86.0,154.0,0.0,506.0,312.0,128.0,0.0,56.0,261.0,544.0,4
86.0,147.0,11.0,898.0,384.0,514.0,0.0,0.0,0.0,0.0,5
86.0,147.0,21.0,888.0,309.0,589.0,0.0,0.0,0.0,0.0,4
86.0,147.0,21.0,888.0,309.0,589.0,0.0,0.0,0.0,0.0,4
86.0,147.0,11.0,898.0,384.0,514.0,0.0,0.0,0.0,0.0,5
86.0,122.0,946.0,0.0,155.0,706.0,0.0,0.0,0.0,0.0,6
86.0,122.0,946.0,0.0,160.0,701.0,0.0,0.0,0.0,0.0,7
85.0,147.0,24.0,876.0,299.0,587.0,0.0,0.0,0.0,0.0,3
85.0,154.0,0.0,487.0,320.0,128.0,0.0,50.0,253.0,548.0,1
85.0,154.0,0.0,476.0,247.0,212.0,0.0,51.0,153.0,647.0,6
85.0,154.0,0.0,487.0,320.0,128.0,0.0,50.0,253.0,548.0,1
86.0,122.0,946.0,0.0,276.0,585.0,0.0,0.0,0.0,0.0,3
86.0,122.0,946.0,0.0,363.0,498.0,0.0,0.0,0.0,0.0,0
85.0,154.0,0.0,516.0,233.0,186.0,0.0,50.0,183.0,618.0,7
86.0,122.0,946.0,0.0,276.0,585.0,0.0,0.0,0.0,0.0,3
85.0,154.0,0.0,505.0,303.0,127.0,0.0,52.0,257.0,542.0,4
85.0,147.0,14.0,877.0,188.0,707.0,0.0,0.0,0.0,0.0,6
85.0,122.0,935.0,0.0,340.0,511.0,0.0,0.0,0.0,0.0,5
85.0,147.0,30.0,863.0,197.0,696.0,0.0,0.0,0.0,0.0,8
85.0,122.0,935.0,0.0,340.0,511.0,0.0,0.0,0.0,0.0,5
85.0,147.0,15.0,879.0,326.0,566.0,0.0,0.0,0.0,0.0,1
85.0,147.0,21.0,874.0,192.0,699.0,0.0,0.0,0.0,0.0,7
85.0,122.0,935.0,0.0,340.0,511.0,0.0,0.0,0.0,0.0,5
85.0,122.0,935.0,0.0,240.0,611.0,0.0,0.0,0.0,0.0,3
85.0,122.0,935.0,0.0,143.0,708.0,0.0,0.0,0.0,0.0,6
84.0,154.0,0.0,476.0,305.0,143.0,0.0,61.0,253.0,527.0,1
84.0,154.0,0.0,476.0,305.0,143.0,0.0,61.0,253.0,527.0,1
84.0,122.0,924.0,0.0,259.0,582.0,0.0,0.0,0.0,0.0,3
84.0,154.0,0.0,492.0,295.0,137.0,0.0,54.0,254.0,533.0,3
84.0,147.0,19.0,877.0,172.0,697.0,0.0,0.0,0.0,0.0,6
84.0,147.0,30.0,854.0,205.0,676.0,0.0,0.0,0.0,0.0,2
84.0,154.0,0.0,501.0,218.0,205.0,0.0,50.0,136.0,655.0,8
84.0,154.0,0.0,496.0,334.0,94.0,0.0,54.0,323.0,464.0,0
84.0,147.0,17.0,871.0,182.0,695.0,0.0,0.0,0.0,0.0,8
84.0,147.0,21.0,859.0,406.0,479.0,0.0,0.0,0.0,0.0,9
84.0,122.0,924.0,0.0,163.0,678.0,0.0,0.0,0.0,0.0,2
84.0,122.0,924.0,0.0,324.0,517.0,0.0,0.0,0.0,0.0,0
84.0,147.0,17.0,871.0,182.0,695.0,0.0,0.0,0.0,0.0,8
84.0,122.0,924.0,0.0,157.0,684.0,0.0,0.0,0.0,0.0,8
84.0,122.0,924.0,0.0,259.0,582.0,0.0,0.0,0.0,0.0,3
83.0,154.0,0.0,486.0,300.0,127.0,0.0,54.0,247.0,530.0,3
83.0,154.0,0.0,469.0,319.0,125.0,0.0,56.0,232.0,543.0,4
83.0,154.0,0.0,469.0,319.0,125.0,0.0,56.0,232.0,543.0,4
83.0,154.0,0.0,502.0,205.0,206.0,0.0,50.0,137.0,644.0,2
83.0,154.0,0.0,502.0,205.0,206.0,0.0,50.0,137.0,644.0,2
83.0,147.0,11.0,855.0,299.0,579.0,0.0,0.0,0.0,0.0,3
83.0,147.0,21.0,858.0,394.0,471.0,0.0,0.0,0.0,0.0,9
83.0,147.0,20.0,858.0,197.0,669.0,0.0,0.0,0.0,0.0,2
83.0,147.0,17.0,855.0,190.0,682.0,0.0,0.0,0.0,0.0,6
83.0,147.0,24.0,840.0,298.0,582.0,0.0,0.0,0.0,0.0,4
83.0,122.0,913.0,0.0,251.0,580.0,0.0,0.0,0.0,0.0,4
83.0,122.0,913.0,1.0,146.0,684.0,0.0,0.0,0.0,0.0,2
83.0,122.0,913.0,0.0,264.0,567.0,0.0,0.0,0.0,0.0,1
83.0,122.0,913.0,0.0,340.0,491.0,0.0,0.0,0.0,0.0,0
83.0,122.0,913.0,0.0,338.0,493.0,0.0,0.0,0.0,0.0,5
82.0,154.0,0.0,489.0,294.0,119.0,0.0,55.0,252.0,514.0,1
82.0,154.0,0.0,453.0,237.0,212.0,0.0,56.0,129.0,636.0,2
82.0,154.0,0.0,489.0,315.0,98.0,0.0,50.0,328.0,443.0,9
82.0,154.0,0.0,485.0,327.0,90.0,0.0,50.0,330.0,441.0,0
82.0,147.0,21.0,846.0,385.0,471.0,0.0,0.0,0.0,0.0,5
82.0,147.0,21.0,842.0,298.0,562.0,0.0,0.0,0.0,0.0,1
82.0,154.0,0.0,489.0,294.0,119.0,0.0,55.0,252.0,514.0,1
82.0,147.0,19.0,850.0,176.0,678.0,0.0,0.0,0.0,0.0,7
82.0,147.0,20.0,841.0,315.0,547.0,0.0,0.0,0.0,0.0,3
82.0,147.0,21.0,842.0,298.0,562.0,0.0,0.0,0.0,0.0,1
82.0,122.0,902.0,0.0,261.0,560.0,0.0,0.0,0.0,0.0,4
82.0,122.0,902.0,1.0,156.0,664.0,0.0,0.0,0.0,0.0,7
82.0,122.0,902.0,0.0,164.0,657.0,0.0,0.0,0.0,0.0,6
82.0,122.0,902.0,0.0,348.0,473.0,0.0,0.0,0.0,0.0,9
82.0,122.0,902.0,1.0,269.0,551.0,0.0,0.0,0.0,0.0,3
81.0,154.0,0.0,491.0,315.0,85.0,0.0,55.0,313.0,443.0,9
81.0,154.0,0.0,471.0,319.0,101.0,0.0,55.0,319.0,437.0,5
81.0,147.0,25.0,824.0,292.0,561.0,0.0,0.0,0.0,0.0,1
81.0,154.0,0.0,493.0,295.0,103.0,0.0,54.0,322.0,435.0,0
81.0,154.0,0.0,472.0,236.0,183.0,0.0,51.0,156.0,604.0,6
81.0,147.0,25.0,824.0,292.0,561.0,0.0,0.0,0.0,0.0,1
81.0,147.0,22.0,817.0,304.0,559.0,0.0,0.0,0.0,0.0,3
81.0,147.0,19.0,834.0,203.0,646.0,0.0,0.0,0.0,0.0,8
81.0,154.0,0.0,474.0,235.0,182.0,0.0,55.0,163.0,593.0,8
81.0,147.0,25.0,824.0,292.0,561.0,0.0,0.0,0.0,0.0,1
81.0,122.0,891.0,0.0,150.0,661.0,0.0,0.0,0.0,0.0,2
81.0,122.0,891.0,0.0,234.0,577.0,0.0,0.0,0.0,0.0,3
81.0,122.0,891.0,0.0,321.0,490.0,0.0,0.0,0.0,0.0,9
81.0,122.0,891.0,1.0,312.0,498.0,0.0,0.0,0.0,0.0,0
81.0,122.0,891.0,1.0,312.0,498.0,0.0,0.0,0.0,0.0,0
80.0,154.0,0.0,476.0,265.0,139.0,0.0,56.0,226.0,519.0,1
80.0,154.0,0.0,468.0,293.0,119.0,0.0,47.0,249.0,505.0,3
80.0,154.0,0.0,469.0,213.0,198.0,0.0,54.0,145.0,602.0,8
80.0,154.0,0.0,448.0,336.0,96.0,0.0,52.0,313.0,436.0,5
80.0,147.0,25.0,830.0,269.0,557.0,0.0,0.0,0.0,0.0,3
80.0,154.0,0.0,448.0,336.0,96.0,0.0,52.0,313.0,436.0,5
80.0,147.0,30.0,807.0,277.0,567.0,0.0,0.0,0.0,0.0,4
80.0,147.0,25.0,830.0,269.0,557.0,0.0,0.0,0.0,0.0,3
80.0,147.0,27.0,811.0,186.0,657.0,0.0,0.0,0.0,0.0,7
80.0,147.0,25.0,830.0,269.0,557.0,0.0,0.0,0.0,0.0,3
80.0,122.0,880.0,0.0,151.0,650.0,0.0,0.0,0.0,0.0,8
80.0,122.0,880.0,0.0,152.0,649.0,0.0,0.0,0.0,0.0,2
80.0,122.0,880.0,0.0,266.0,535.0,0.0,0.0,0.0,0.0,3
80.0,122.0,880.0,0.0,145.0,656.0,0.0,0.0,0.0,0.0,7
80.0,122.0,880.0,0.0,145.0,656.0,0.0,0.0,0.0,0.0,7
79.0,154.0,0.0,457.0,222.0,190.0,0.0,58.0,151.0,582.0,6
79.0,154.0,0.0,452.0,220.0,197.0,0.0,54.0,140.0,597.0,2
79.0,154.0,0.0,471.0,303.0,95.0,0.0,54.0,313.0,424.0,5
79.0,154.0,0.0,433.0,244.0,192.0,0.0,49.0,163.0,579.0,8
79.0,154.0,0.0,480.0,305.0,84.0,0.0,47.0,291.0,453.0,0
79.0,147.0,25.0,816.0,161.0,658.0,0.0,0.0,0.0,0.0,2
79.0,147.0,21.0,810.0,303.0,526.0,0.0,0.0,0.0,0.0,1
79.0,147.0,19.0,812.0,278.0,551.0,0.0,0.0,0.0,0.0,3
79.0,147.0,20.0,806.0,360.0,474.0,0.0,0.0,0.0,0.0,9
79.0,147.0,27.0,806.0,271.0,556.0,0.0,0.0,0.0,0.0,4
79.0,122.0,869.0,0.0,254.0,537.0,0.0,0.0,0.0,0.0,4
79.0,122.0,869.0,0.0,313.0,478.0,0.0,0.0,0.0,0.0,0
79.0,122.0,869.0,0.0,313.0,478.0,0.0,0.0,0.0,0.0,0
79.0,122.0,869.0,0.0,238.0,553.0,0.0,0.0,0.0,0.0,3
79.0,122.0,869.0,0.0,142.0,649.0,0.0,0.0,0.0,0.0,7
78.0,154.0,0.0,468.0,287.0,103.0,0.0,51.0,312.0,418.0,0
78.0,154.0,0.0,456.0,269.0,133.0,0.0,38.0,261.0,482.0,3
78.0,154.0,0.0,453.0,317.0,88.0,0.0,45.0,325.0,411.0,5
78.0,154.0,0.0,468.0,287.0,103.0,0.0,51.0,312.0,418.0,0
78.0,154.0,0.0,446.0,285.0,127.0,0.0,47.0,237.0,497.0,4
78.0,147.0,24.0,792.0,374.0,449.0,0.0,0.0,0.0,0.0,9
78.0,147.0,28.0,794.0,347.0,470.0,0.0,0.0,0.0,0.0,5
78.0,147.0,26.0,793.0,190.0,630.0,0.0,0.0,0.0,0.0,6
78.0,147.0,21.0,797.0,273.0,548.0,0.0,0.0,0.0,0.0,3
78.0,147.0,24.0,792.0,374.0,449.0,0.0,0.0,0.0,0.0,9
78.0,122.0,858.0,0.0,248.0,533.0,0.0,0.0,0.0,0.0,1
78.0,122.0,858.0,0.0,306.0,475.0,0.0,0.0,0.0,0.0,9
78.0,122.0,858.0,0.0,153.0,628.0,0.0,0.0,0.0,0.0,8
78.0,122.0,858.0,0.0,248.0,533.0,0.0,0.0,0.0,0.0,1
78.0,122.0,858.0,0.0,248.0,533.0,0.0,0.0,0.0,0.0,1
77.0,154.0,0.0,434.0,279.0,134.0,0.0,52.0,242.0,477.0,1
77.0,154.0,0.0,466.0,247.0,134.0,0.0,48.0,221.0,502.0,3
77.0,154.0,0.0,445.0,308.0,94.0,0.0,46.0,298.0,427.0,9
77.0,154.0,0.0,434.0,279.0,134.0,0.0,52.0,242.0,477.0,1
77.0,154.0,0.0,438.0,297.0,112.0,0.0,51.0,243.0,477.0,4
77.0,147.0,29.0,779.0,331.0,479.0,0.0,0.0,0.0,0.0,5
77.0,147.0,22.0,790.0,186.0,620.0,0.0,0.0,0.0,0.0,7
77.0,147.0,36.0,785.0,174.0,623.0,0.0,0.0,0.0,0.0,2
77.0,147.0,36.0,785.0,174.0,623.0,0.0,0.0,0.0,0.0,2
77.0,147.0,36.0,785.0,174.0,623.0,0.0,0.0,0.0,0.0,2
77.0,122.0,847.0,0.0,150.0,621.0,0.0,0.0,0.0,0.0,8
77.0,122.0,847.0,2.0,302.0,467.0,0.0,0.0,0.0,0.0,9
77.0,122.0,847.0,0.0,330.0,441.0,0.0,0.0,0.0,0.0,0
77.0,122.0,847.0,0.0,330.0,441.0,0.0,0.0,0.0,0.0,0
77.0,122.0,847.0,0.0,132.0,639.0,0.0,0.0,0.0,0.0,2
76.0,154.0,0.0,460.0,190.0,186.0,0.0,46.0,146.0,569.0,8
76.0,154.0,0.0,421.0,318.0,97.0,0.0,55.0,299.0,407.0,0
76.0,154.0,0.0,425.0,289.0,122.0,0.0,48.0,243.0,470.0,3
76.0,154.0,0.0,425.0,289.0,122.0,0.0,48.0,243.0,470.0,3
76.0,154.0,0.0,430.0,216.0,190.0,0.0,47.0,127.0,587.0,6
76.0,147.0,23.0,779.0,350.0,445.0,0.0,0.0,0.0,0.0,5
76.0,147.0,17.0,778.0,270.0,532.0,0.0,0.0,0.0,0.0,1
76.0,147.0,23.0,779.0,350.0,445.0,0.0,0.0,0.0,0.0,5
76.0,147.0,17.0,778.0,270.0,532.0,0.0,0.0,0.0,0.0,1
76.0,147.0,23.0,779.0,350.0,445.0,0.0,0.0,0.0,0.0,5
76.0,122.0,836.0,1.0,309.0,451.0,0.0,0.0,0.0,0.0,5
76.0,122.0,836.0,0.0,260.0,501.0,0.0,0.0,0.0,0.0,3
76.0,122.0,836.0,1.0,309.0,451.0,0.0,0.0,0.0,0.0,5
76.0,122.0,836.0,1.0,139.0,621.0,0.0,0.0,0.0,0.0,2
76.0,122.0,836.0,1.0,139.0,621.0,0.0,0.0,0.0,0.0,2
75.0,154.0,0.0,443.0,255.0,127.0,0.0,38.0,254.0,459.0,1
75.0,154.0,0.0,444.0,256.0,125.0,0.0,53.0,214.0,484.0,3
75.0,154.0,0.0,416.0,201.0,208.0,0.0,57.0,131.0,563.0,7
75.0,154.0,0.0,451.0,201.0,173.0,0.0,44.0,163.0,544.0,6
75.0,154.0,0.0,450.0,282.0,93.0,0.0,52.0,300.0,399.0,9
75.0,147.0,24.0,770.0,168.0,614.0,0.0,0.0,0.0,0.0,7
75.0,147.0,35.0,759.0,266.0,516.0,0.0,0.0,0.0,0.0,3
75.0,147.0,35.0,759.0,266.0,516.0,0.0,0.0,0.0,0.0,3
75.0,147.0,24.0,771.0,280.0,501.0,0.0,0.0,0.0,0.0,4
75.0,147.0,24.0,753.0,344.0,455.0,0.0,0.0,0.0,0.0,5
75.0,122.0,825.0,0.0,295.0,456.0,0.0,0.0,0.0,0.0,0
75.0,122.0,825.0,0.0,137.0,614.0,0.0,0.0,0.0,0.0,2
75.0,122.0,825.0,0.0,295.0,456.0,0.0,0.0,0.0,0.0,0
75.0,122.0,825.0,1.0,146.0,604.0,0.0,0.0,0.0,0.0,8
75.0,122.0,825.0,0.0,135.0,616.0,0.0,0.0,0.0,0.0,6
74.0,154.0,0.0,442.0,184.0,188.0,0.0,41.0,170.0,530.0,7
74.0,154.0,0.0,434.0,249.0,131.0,0.0,47.0,230.0,464.0,3
74.0,154.0,0.0,426.0,219.0,169.0,0.0,48.0,133.0,560.0,8
74.0,154.0,0.0,434.0,249.0,131.0,0.0,47.0,230.0,464.0,3
74.0,154.0,0.0,442.0,184.0,188.0,0.0,41.0,170.0,530.0,7
74.0,147.0,26.0,758.0,255.0,516.0,0.0,0.0,0.0,0.0,1
74.0,147.0,22.0,759.0,323.0,451.0,0.0,0.0,0.0,0.0,9
74.0,147.0,23.0,756.0,333.0,443.0,0.0,0.0,0.0,0.0,0
74.0,147.0,23.0,756.0,333.0,443.0,0.0,0.0,0.0,0.0,0
74.0,147.0,34.0,738.0,272.0,511.0,0.0,0.0,0.0,0.0,4
74.0,122.0,814.0,0.0,219.0,522.0,0.0,0.0,0.0,0.0,1
74.0,122.0,814.0,0.0,300.0,441.0,0.0,0.0,0.0,0.0,9
74.0,122.0,814.0,0.0,120.0,621.0,0.0,0.0,0.0,0.0,2
74.0,122.0,814.0,0.0,311.0,430.0,0.0,0.0,0.0,0.0,5
74.0,122.0,814.0,0.0,287.0,454.0,0.0,0.0,0.0,0.0,0
73.0,154.0,0.0,417.0,199.0,187.0,0.0,50.0,149.0,532.0,2
73.0,154.0,0.0,414.0,270.0,119.0,0.0,47.0,233.0,451.0,4
73.0,154.0,0.0,425.0,293.0,85.0,0.0,45.0,305.0,381.0,5
73.0,154.0,0.0,411.0,283.0,109.0,0.0,51.0,212.0,468.0,1
73.0,154.0,0.0,435.0,192.0,176.0,0.0,51.0,119.0,561.0,8
73.0,122.0,803.0,0.0,137.0,594.0,0.0,0.0,0.0,0.0,6
73.0,147.0,23.0,744.0,187.0,580.0,0.0,0.0,0.0,0.0,6
73.0,147.0,25.0,751.0,252.0,506.0,0.0,0.0,0.0,0.0,3
73.0,147.0,17.0,759.0,149.0,609.0,0.0,0.0,0.0,0.0,8
73.0,147.0,24.0,751.0,169.0,590.0,0.0,0.0,0.0,0.0,7
73.0,122.0,803.0,0.0,153.0,578.0,0.0,0.0,0.0,0.0,7
73.0,122.0,803.0,0.0,292.0,439.0,0.0,0.0,0.0,0.0,0
73.0,122.0,803.0,0.0,286.0,445.0,0.0,0.0,0.0,0.0,9
73.0,147.0,60.0,719.0,252.0,503.0,0.0,0.0,0.0,0.0,1
73.0,122.0,803.0,0.0,286.0,445.0,0.0,0.0,0.0,0.0,9
72.0,154.0,0.0,426.0,255.0,111.0,0.0,41.0,228.0,452.0,3
72.0,154.0,0.0,459.0,177.0,156.0,0.0,46.0,143.0,532.0,2
72.0,154.0,0.0,421.0,203.0,168.0,0.0,39.0,154.0,528.0,6
72.0,154.0,0.0,422.0,290.0,80.0,0.0,44.0,288.0,389.0,5
72.0,154.0,0.0,448.0,227.0,117.0,0.0,53.0,211.0,457.0,4
72.0,147.0,35.0,726.0,331.0,421.0,0.0,0.0,0.0,0.0,5
72.0,122.0,792.0,0.0,295.0,426.0,0.0,0.0,0.0,0.0,0
72.0,147.0,24.0,740.0,151.0,598.0,0.0,0.0,0.0,0.0,8
72.0,147.0,30.0,728.0,297.0,458.0,0.0,0.0,0.0,0.0,9
72.0,147.0,36.0,730.0,247.0,500.0,0.0,0.0,0.0,0.0,4
72.0,122.0,792.0,0.0,239.0,482.0,0.0,0.0,0.0,0.0,3
72.0,122.0,792.0,0.0,238.0,483.0,0.0,0.0,0.0,0.0,4
72.0,122.0,792.0,0.0,239.0,482.0,0.0,0.0,0.0,0.0,3
72.0,122.0,792.0,0.0,239.0,482.0,0.0,0.0,0.0,0.0,3
72.0,147.0,23.0,737.0,144.0,609.0,0.0,0.0,0.0,0.0,2
71.0,154.0,0.0,431.0,247.0,103.0,0.0,49.0,224.0,438.0,4
71.0,154.0,0.0,417.0,244.0,120.0,0.0,45.0,214.0,452.0,1
71.0,154.0,0.0,407.0,194.0,180.0,0.0,44.0,137.0,530.0,6
71.0,154.0,0.0,411.0,281.0,89.0,0.0,47.0,281.0,383.0,9
71.0,154.0,0.0,418.0,205.0,158.0,0.0,48.0,139.0,524.0,8
71.0,147.0,47.0,701.0,152.0,592.0,0.0,0.0,0.0,0.0,7
71.0,147.0,59.0,695.0,158.0,580.0,0.0,0.0,0.0,0.0,8
71.0,147.0,39.0,715.0,148.0,590.0,0.0,0.0,0.0,0.0,2
71.0,147.0,35.0,717.0,313.0,427.0,0.0,0.0,0.0,0.0,5
71.0,147.0,35.0,717.0,313.0,427.0,0.0,0.0,0.0,0.0,5
71.0,122.0,781.0,0.0,113.0,598.0,0.0,0.0,0.0,0.0,8
71.0,122.0,781.0,0.0,113.0,598.0,0.0,0.0,0.0,0.0,8
71.0,122.0,781.0,0.0,128.0,583.0,0.0,0.0,0.0,0.0,6
71.0,122.0,781.0,0.0,128.0,583.0,0.0,0.0,0.0,0.0,6
71.0,122.0,781.0,1.0,130.0,580.0,0.0,0.0,0.0,0.0,2
70.0,154.0,0.0,420.0,200.0,150.0,0.0,35.0,152.0,514.0,6
70.0,154.0,0.0,419.0,268.0,83.0,0.0,44.0,286.0,371.0,5
70.0,154.0,0.0,429.0,183.0,158.0,0.0,47.0,133.0,521.0,7
70.0,154.0,0.0,405.0,210.0,155.0,0.0,50.0,141.0,510.0,8
70.0,154.0,0.0,419.0,268.0,83.0,0.0,44.0,286.0,371.0,5
70.0,147.0,33.0,709.0,229.0,500.0,0.0,0.0,0.0,0.0,4
70.0,147.0,34.0,697.0,315.0,425.0,0.0,0.0,0.0,0.0,9
70.0,147.0,33.0,709.0,229.0,500.0,0.0,0.0,0.0,0.0,4
70.0,147.0,36.0,704.0,160.0,571.0,0.0,0.0,0.0,0.0,2
70.0,147.0,50.0,692.0,255.0,474.0,0.0,0.0,0.0,0.0,3
70.0,122.0,770.0,0.0,125.0,576.0,0.0,0.0,0.0,0.0,2
70.0,122.0,770.0,0.0,227.0,474.0,0.0,0.0,0.0,0.0,1
70.0,122.0,770.0,0.0,283.0,418.0,0.0,0.0,0.0,0.0,0
70.0,122.0,770.0,0.0,125.0,576.0,0.0,0.0,0.0,0.0,2
70.0,122.0,770.0,0.0,283.0,418.0,0.0,0.0,0.0,0.0,0
69.0,154.0,0.0,406.0,192.0,161.0,0.0,46.0,121.0,524.0,2
69.0,154.0,0.0,411.0,181.0,167.0,0.0,46.0,137.0,508.0,7
69.0,154.0,0.0,413.0,243.0,103.0,0.0,45.0,215.0,431.0,1
69.0,154.0,0.0,380.0,206.0,173.0,0.0,47.0,114.0,530.0,8
69.0,154.0,0.0,411.0,181.0,167.0,0.0,46.0,137.0,508.0,7
69.0,147.0,32.0,699.0,148.0,571.0,0.0,0.0,0.0,0.0,7
69.0,147.0,28.0,700.0,153.0,569.0,0.0,0.0,0.0,0.0,8
69.0,147.0,52.0,684.0,240.0,474.0,0.0,0.0,0.0,0.0,4
69.0,147.0,36.0,693.0,149.0,572.0,0.0,0.0,0.0,0.0,2
69.0,147.0,28.0,700.0,153.0,569.0,0.0,0.0,0.0,0.0,8
69.0,122.0,759.0,0.0,120.0,571.0,0.0,0.0,0.0,0.0,7
69.0,122.0,759.0,0.0,120.0,571.0,0.0,0.0,0.0,0.0,7
69.0,122.0,759.0,0.0,195.0,496.0,0.0,0.0,0.0,0.0,3
69.0,122.0,759.0,0.0,281.0,410.0,0.0,0.0,0.0,0.0,0
69.0,122.0,759.0,0.0,127.0,564.0,0.0,0.0,0.0,0.0,8
68.0,154.0,0.0,407.0,175.0,166.0,0.0,37.0,140.0,504.0,6
68.0,154.0,0.0,418.0,244.0,86.0,0.0,51.0,253.0,377.0,5
68.0,154.0,0.0,366.0,271.0,111.0,0.0,46.0,221.0,414.0,1
68.0,154.0,0.0,393.0,267.0,88.0,0.0,43.0,273.0,365.0,0
68.0,154.0,0.0,408.0,175.0,165.0,0.0,52.0,124.0,505.0,8
68.0,147.0,41.0,679.0,150.0,559.0,0.0,0.0,0.0,0.0,7
68.0,147.0,41.0,679.0,150.0,559.0,0.0,0.0,0.0,0.0,7
68.0,147.0,39.0,690.0,221.0,479.0,0.0,0.0,0.0,0.0,4
68.0,147.0,39.0,690.0,221.0,479.0,0.0,0.0,0.0,0.0,4
68.0,147.0,31.0,683.0,293.0,422.0,0.0,0.0,0.0,0.0,9
68.0,122.0,748.0,0.0,144.0,537.0,0.0,0.0,0.0,0.0,2
68.0,122.0,748.0,0.0,133.0,548.0,0.0,0.0,0.0,0.0,6
68.0,122.0,748.0,0.0,213.0,468.0,0.0,0.0,0.0,0.0,4
68.0,122.0,748.0,0.0,213.0,468.0,0.0,0.0,0.0,0.0,4
68.0,122.0,748.0,0.0,292.0,389.0,0.0,0.0,0.0,0.0,0
67.0,154.0,0.0,407.0,248.0,82.0,0.0,47.0,254.0,370.0,0
67.0,154.0,0.0,404.0,181.0,152.0,0.0,41.0,124.0,506.0,2
67.0,154.0,0.0,396.0,181.0,160.0,0.0,46.0,123.0,502.0,6
67.0,154.0,0.0,404.0,229.0,104.0,0.0,41.0,202.0,428.0,3
67.0,154.0,0.0,407.0,248.0,82.0,0.0,47.0,254.0,370.0,0
67.0,147.0,43.0,665.0,145.0,555.0,0.0,0.0,0.0,0.0,6
67.0,147.0,26.0,684.0,139.0,559.0,0.0,0.0,0.0,0.0,7
67.0,147.0,43.0,672.0,283.0,410.0,0.0,0.0,0.0,0.0,5
67.0,147.0,34.0,675.0,153.0,546.0,0.0,0.0,0.0,0.0,8
67.0,147.0,21.0,680.0,244.0,463.0,0.0,0.0,0.0,0.0,4
67.0,122.0,737.0,0.0,114.0,557.0,0.0,0.0,0.0,0.0,7
67.0,122.0,737.0,0.0,205.0,466.0,0.0,0.0,0.0,0.0,1
67.0,122.0,737.0,0.0,205.0,466.0,0.0,0.0,0.0,0.0,1
67.0,122.0,737.0,1.0,135.0,535.0,0.0,0.0,0.0,0.0,8
67.0,122.0,737.0,0.0,124.0,547.0,0.0,0.0,0.0,0.0,2
66.0,154.0,0.0,389.0,240.0,97.0,0.0,42.0,217.0,402.0,4
66.0,154.0,0.0,380.0,258.0,88.0,0.0,36.0,273.0,352.0,9
66.0,154.0,0.0,380.0,258.0,88.0,0.0,36.0,273.0,352.0,9
66.0,154.0,0.0,368.0,264.0,94.0,0.0,42.0,224.0,395.0,1
66.0,154.0,0.0,399.0,177.0,150.0,0.0,42.0,116.0,503.0,8
66.0,147.0,34.0,660.0,153.0,540.0,0.0,0.0,0.0,0.0,6
66.0,147.0,66.0,638.0,231.0,452.0,0.0,0.0,0.0,0.0,3
66.0,147.0,30.0,671.0,298.0,388.0,0.0,0.0,0.0,0.0,0
66.0,147.0,56.0,650.0,282.0,399.0,0.0,0.0,0.0,0.0,5
66.0,147.0,65.0,642.0,243.0,437.0,0.0,0.0,0.0,0.0,4
66.0,122.0,726.0,0.0,272.0,389.0,0.0,0.0,0.0,0.0,0
66.0,122.0,726.0,0.0,123.0,538.0,0.0,0.0,0.0,0.0,7
66.0,122.0,726.0,0.0,208.0,453.0,0.0,0.0,0.0,0.0,3
66.0,122.0,726.0,0.0,144.0,517.0,0.0,0.0,0.0,0.0,2
66.0,122.0,726.0,0.0,204.0,457.0,0.0,0.0,0.0,0.0,1
65.0,154.0,0.0,370.0,191.0,154.0,0.0,43.0,108.0,500.0,7
65.0,154.0,0.0,357.0,251.0,107.0,0.0,36.0,205.0,410.0,3
65.0,154.0,0.0,357.0,251.0,107.0,0.0,36.0,205.0,410.0,3
65.0,154.0,0.0,384.0,254.0,77.0,0.0,38.0,262.0,351.0,5
65.0,154.0,0.0,374.0,183.0,158.0,0.0,44.0,122.0,485.0,2
65.0,147.0,30.0,661.0,285.0,390.0,0.0,0.0,0.0,0.0,9
65.0,147.0,44.0,645.0,232.0,445.0,0.0,0.0,0.0,0.0,1
65.0,147.0,69.0,629.0,264.0,404.0,0.0,0.0,0.0,0.0,0
65.0,147.0,32.0,662.0,151.0,521.0,0.0,0.0,0.0,0.0,2
65.0,147.0,59.0,638.0,131.0,538.0,0.0,0.0,0.0,0.0,6
65.0,122.0,715.0,0.0,242.0,409.0,0.0,0.0,0.0,0.0,5
65.0,122.0,715.0,0.0,247.0,404.0,0.0,0.0,0.0,0.0,0
65.0,122.0,715.0,0.0,186.0,465.0,0.0,0.0,0.0,0.0,1
65.0,122.0,715.0,0.0,120.0,531.0,0.0,0.0,0.0,0.0,8
65.0,122.0,715.0,0.0,121.0,530.0,0.0,0.0,0.0,0.0,2
64.0,154.0,0.0,366.0,238.0,100.0,0.0,41.0,186.0,414.0,1
64.0,154.0,0.0,395.0,163.0,146.0,0.0,45.0,108.0,488.0,8
64.0,154.0,0.0,367.0,235.0,102.0,0.0,40.0,198.0,403.0,4
64.0,154.0,0.0,366.0,238.0,100.0,0.0,41.0,186.0,414.0,1
64.0,154.0,0.0,376.0,249.0,79.0,0.0,42.0,263.0,336.0,9
64.0,147.0,61.0,626.0,140.0,518.0,0.0,0.0,0.0,0.0,2
64.0,147.0,53.0,632.0,201.0,459.0,0.0,0.0,0.0,0.0,3
64.0,147.0,61.0,626.0,140.0,518.0,0.0,0.0,0.0,0.0,2
64.0,147.0,34.0,643.0,231.0,437.0,0.0,0.0,0.0,0.0,4
64.0,147.0,51.0,629.0,148.0,517.0,0.0,0.0,0.0,0.0,7
64.0,122.0,704.0,0.0,207.0,434.0,0.0,0.0,0.0,0.0,3
64.0,122.0,704.0,0.0,126.0,515.0,0.0,0.0,0.0,0.0,2
64.0,122.0,704.0,0.0,111.0,530.0,0.0,0.0,0.0,0.0,8
64.0,122.0,704.0,0.0,218.0,423.0,0.0,0.0,0.0,0.0,1
64.0,122.0,704.0,0.0,111.0,530.0,0.0,0.0,0.0,0.0,8
63.0,154.0,0.0,367.0,239.0,87.0,0.0,39.0,241.0,351.0,9
63.0,154.0,0.0,364.0,227.0,102.0,0.0,36.0,196.0,399.0,1
63.0,154.0,0.0,367.0,239.0,87.0,0.0,39.0,241.0,351.0,9
63.0,154.0,0.0,362.0,232.0,99.0,0.0,36.0,180.0,415.0,4
63.0,154.0,0.0,379.0,182.0,132.0,0.0,43.0,118.0,470.0,8
63.0,147.0,53.0,611.0,211.0,449.0,0.0,0.0,0.0,0.0,4
63.0,147.0,51.0,619.0,274.0,380.0,0.0,0.0,0.0,0.0,5
63.0,147.0,45.0,622.0,138.0,519.0,0.0,0.0,0.0,0.0,7
63.0,147.0,45.0,625.0,289.0,365.0,0.0,0.0,0.0,0.0,0
63.0,147.0,64.0,607.0,141.0,512.0,0.0,0.0,0.0,0.0,2
63.0,122.0,693.0,0.0,241.0,390.0,0.0,0.0,0.0,0.0,5
63.0,122.0,693.0,0.0,197.0,434.0,0.0,0.0,0.0,0.0,3
63.0,122.0,693.0,0.0,248.0,383.0,0.0,0.0,0.0,0.0,9
63.0,122.0,693.0,0.0,112.0,519.0,0.0,0.0,0.0,0.0,2
63.0,122.0,693.0,0.0,241.0,390.0,0.0,0.0,0.0,0.0,5
62.0,154.0,0.0,362.0,251.0,69.0,0.0,39.0,219.0,363.0,9
62.0,154.0,0.0,362.0,251.0,69.0,0.0,39.0,219.0,363.0,9
62.0,154.0,0.0,353.0,185.0,144.0,0.0,39.0,127.0,455.0,6
62.0,154.0,0.0,355.0,217.0,110.0,0.0,48.0,191.0,382.0,1
62.0,147.0,56.0,605.0,201.0,441.0,0.0,0.0,0.0,0.0,4
62.0,147.0,43.0,620.0,246.0,394.0,0.0,0.0,0.0,0.0,9
62.0,147.0,56.0,605.0,201.0,441.0,0.0,0.0,0.0,0.0,4
62.0,154.0,0.0,359.0,175.0,148.0,0.0,40.0,129.0,452.0,7
62.0,147.0,52.0,610.0,143.0,498.0,0.0,0.0,0.0,0.0,6
62.0,147.0,52.0,609.0,125.0,517.0,0.0,0.0,0.0,0.0,8
62.0,122.0,682.0,0.0,119.0,502.0,0.0,0.0,0.0,0.0,7
62.0,122.0,682.0,0.0,253.0,368.0,0.0,0.0,0.0,0.0,0
62.0,122.0,682.0,0.0,253.0,368.0,0.0,0.0,0.0,0.0,0
62.0,122.0,682.0,1.0,168.0,452.0,0.0,0.0,0.0,0.0,3
62.0,122.0,682.0,0.0,257.0,364.0,0.0,0.0,0.0,0.0,5
61.0,154.0,0.0,372.0,229.0,70.0,0.0,41.0,255.0,315.0,9
61.0,154.0,0.0,369.0,236.0,66.0,0.0,44.0,230.0,337.0,5
61.0,154.0,0.0,350.0,244.0,77.0,0.0,38.0,253.0,320.0,0
61.0,154.0,0.0,353.0,160.0,158.0,0.0,41.0,108.0,462.0,2
61.0,154.0,0.0,369.0,236.0,66.0,0.0,44.0,230.0,337.0,5
61.0,147.0,59.0,592.0,124.0,507.0,0.0,0.0,0.0,0.0,2
61.0,147.0,81.0,571.0,194.0,436.0,0.0,0.0,0.0,0.0,4
61.0,147.0,65.0,581.0,283.0,353.0,0.0,0.0,0.0,0.0,9
61.0,147.0,47.0,602.0,143.0,490.0,0.0,0.0,0.0,0.0,8
61.0,147.0,51.0,596.0,214.0,421.0,0.0,0.0,0.0,0.0,1
61.0,122.0,671.0,0.0,115.0,496.0,0.0,0.0,0.0,0.0,6
61.0,122.0,671.0,0.0,212.0,399.0,0.0,0.0,0.0,0.0,0
61.0,122.0,671.0,0.0,112.0,499.0,0.0,0.0,0.0,0.0,2
61.0,122.0,671.0,0.0,118.0,493.0,0.0,0.0,0.0,0.0,7
61.0,122.0,671.0,0.0,121.0,490.0,0.0,0.0,0.0,0.0,8
60.0,154.0,0.0,369.0,134.0,157.0,0.0,34.0,115.0,452.0,7
60.0,154.0,0.0,352.0,211.0,97.0,0.0,41.0,212.0,348.0,5
60.0,154.0,0.0,358.0,165.0,137.0,0.0,42.0,112.0,447.0,8
60.0,154.0,0.0,369.0,134.0,157.0,0.0,34.0,115.0,452.0,7
60.0,154.0,0.0,359.0,199.0,102.0,0.0,43.0,198.0,360.0,4
60.0,147.0,95.0,553.0,191.0,422.0,0.0,0.0,0.0,0.0,3
60.0,147.0,62.0,586.0,209.0,404.0,0.0,0.0,0.0,0.0,4
60.0,147.0,62.0,586.0,209.0,404.0,0.0,0.0,0.0,0.0,4
60.0,147.0,95.0,553.0,191.0,422.0,0.0,0.0,0.0,0.0,3
60.0,147.0,78.0,565.0,266.0,352.0,0.0,0.0,0.0,0.0,9
60.0,122.0,660.0,0.0,236.0,365.0,0.0,0.0,0.0,0.0,0
60.0,122.0,660.0,0.0,113.0,488.0,0.0,0.0,0.0,0.0,6
60.0,122.0,660.0,0.0,118.0,483.0,0.0,0.0,0.0,0.0,8
60.0,122.0,660.0,0.0,118.0,483.0,0.0,0.0,0.0,0.0,8
60.0,122.0,660.0,0.0,199.0,402.0,0.0,0.0,0.0,0.0,1
59.0,154.0,0.0,362.0,197.0,90.0,0.0,35.0,188.0,368.0,3
59.0,154.0,0.0,328.0,245.0,76.0,0.0,38.0,223.0,330.0,9
59.0,154.0,0.0,331.0,218.0,100.0,0.0,36.0,197.0,358.0,1
59.0,154.0,0.0,331.0,218.0,100.0,0.0,36.0,197.0,358.0,1
59.0,154.0,0.0,342.0,234.0,73.0,0.0,36.0,236.0,319.0,0
59.0,147.0,104.0,532.0,116.0,488.0,0.0,0.0,0.0,0.0,2
59.0,147.0,51.0,582.0,127.0,480.0,0.0,0.0,0.0,0.0,7
59.0,147.0,93.0,536.0,210.0,401.0,0.0,0.0,0.0,0.0,3
59.0,147.0,52.0,577.0,185.0,426.0,0.0,0.0,0.0,0.0,4
59.0,147.0,66.0,565.0,258.0,351.0,0.0,0.0,0.0,0.0,0
59.0,122.0,649.0,0.0,248.0,343.0,0.0,0.0,0.0,0.0,9
59.0,122.0,649.0,0.0,98.0,493.0,0.0,0.0,0.0,0.0,7
59.0,122.0,649.0,0.0,248.0,343.0,0.0,0.0,0.0,0.0,9
59.0,122.0,649.0,0.0,108.0,483.0,0.0,0.0,0.0,0.0,6
59.0,122.0,649.0,0.0,108.0,483.0,0.0,0.0,0.0,0.0,6
58.0,154.0,0.0,345.0,233.0,60.0,0.0,35.0,230.0,316.0,9
58.0,154.0,0.0,325.0,165.0,148.0,0.0,35.0,111.0,435.0,2
58.0,154.0,0.0,328.0,215.0,95.0,0.0,36.0,166.0,379.0,3
58.0,154.0,0.0,350.0,201.0,87.0,0.0,38.0,181.0,362.0,4
58.0,147.0,58.0,558.0,137.0,466.0,0.0,0.0,0.0,0.0,6
58.0,154.0,0.0,362.0,182.0,94.0,0.0,36.0,174.0,371.0,1
58.0,147.0,135.0,490.0,127.0,467.0,0.0,0.0,0.0,0.0,7
58.0,147.0,67.0,554.0,200.0,398.0,0.0,0.0,0.0,0.0,4
58.0,147.0,135.0,490.0,127.0,467.0,0.0,0.0,0.0,0.0,7
58.0,147.0,58.0,558.0,137.0,466.0,0.0,0.0,0.0,0.0,6
58.0,122.0,638.0,0.0,96.0,485.0,0.0,0.0,0.0,0.0,7
58.0,122.0,638.0,0.0,184.0,397.0,0.0,0.0,0.0,0.0,4
58.0,122.0,638.0,0.0,184.0,397.0,0.0,0.0,0.0,0.0,4
58.0,122.0,638.0,0.0,184.0,397.0,0.0,0.0,0.0,0.0,1
58.0,122.0,638.0,0.0,258.0,323.0,0.0,0.0,0.0,0.0,9
57.0,154.0,0.0,335.0,207.0,85.0,0.0,33.0,174.0,364.0,1
57.0,154.0,0.0,348.0,209.0,70.0,0.0,47.0,197.0,327.0,0
57.0,154.0,0.0,324.0,160.0,143.0,0.0,35.0,118.0,418.0,8
57.0,154.0,0.0,351.0,144.0,132.0,0.0,39.0,112.0,420.0,2
57.0,154.0,0.0,345.0,208.0,74.0,0.0,38.0,208.0,325.0,9
57.0,147.0,53.0,558.0,246.0,341.0,0.0,0.0,0.0,0.0,5
57.0,147.0,61.0,542.0,138.0,457.0,0.0,0.0,0.0,0.0,2
57.0,147.0,61.0,542.0,138.0,457.0,0.0,0.0,0.0,0.0,2
57.0,147.0,61.0,542.0,138.0,457.0,0.0,0.0,0.0,0.0,2
57.0,147.0,53.0,558.0,246.0,341.0,0.0,0.0,0.0,0.0,5
57.0,122.0,627.0,0.0,224.0,347.0,0.0,0.0,0.0,0.0,0
57.0,122.0,627.0,0.0,107.0,464.0,0.0,0.0,0.0,0.0,7
57.0,122.0,627.0,0.0,123.0,448.0,0.0,0.0,0.0,0.0,8
57.0,122.0,627.0,0.0,123.0,448.0,0.0,0.0,0.0,0.0,8
57.0,122.0,627.0,0.0,239.0,332.0,0.0,0.0,0.0,0.0,9
56.0,154.0,0.0,314.0,212.0,90.0,0.0,39.0,166.0,356.0,3
56.0,154.0,0.0,313.0,154.0,149.0,0.0,37.0,91.0,433.0,2
56.0,154.0,0.0,323.0,167.0,126.0,0.0,23.0,112.0,426.0,8
56.0,154.0,0.0,326.0,151.0,139.0,0.0,35.0,108.0,418.0,6
56.0,154.0,0.0,318.0,209.0,89.0,0.0,40.0,180.0,341.0,1
56.0,147.0,74.0,522.0,244.0,337.0,0.0,0.0,0.0,0.0,5
56.0,147.0,74.0,522.0,244.0,337.0,0.0,0.0,0.0,0.0,5
56.0,147.0,113.0,486.0,210.0,368.0,0.0,0.0,0.0,0.0,4
56.0,147.0,74.0,522.0,244.0,337.0,0.0,0.0,0.0,0.0,5
56.0,147.0,87.0,513.0,96.0,481.0,0.0,0.0,0.0,0.0,8
56.0,122.0,616.0,1.0,226.0,334.0,0.0,0.0,0.0,0.0,9
56.0,122.0,616.0,1.0,166.0,394.0,0.0,0.0,0.0,0.0,4
56.0,122.0,616.0,0.0,98.0,463.0,0.0,0.0,0.0,0.0,6
56.0,122.0,616.0,1.0,84.0,476.0,0.0,0.0,0.0,0.0,8
56.0,122.0,616.0,0.0,220.0,341.0,0.0,0.0,0.0,0.0,0
55.0,154.0,0.0,315.0,205.0,85.0,0.0,38.0,172.0,341.0,1
55.0,154.0,0.0,316.0,200.0,89.0,0.0,38.0,165.0,348.0,4
55.0,154.0,0.0,315.0,205.0,85.0,0.0,38.0,172.0,341.0,1
55.0,154.0,0.0,321.0,193.0,91.0,0.0,33.0,177.0,341.0,3
55.0,154.0,0.0,310.0,235.0,60.0,0.0,36.0,217.0,298.0,5
55.0,147.0,74.0,504.0,227.0,351.0,0.0,0.0,0.0,0.0,9
55.0,147.0,130.0,462.0,109.0,455.0,0.0,0.0,0.0,0.0,8
55.0,147.0,88.0,497.0,205.0,366.0,0.0,0.0,0.0,0.0,1
55.0,147.0,73.0,521.0,234.0,328.0,0.0,0.0,0.0,0.0,0
54.0,154.0,0.0,324.0,200.0,70.0,1.0,30.0,222.0,288.0,0
55.0,122.0,605.0,0.0,228.0,323.0,0.0,0.0,0.0,0.0,5
55.0,122.0,605.0,0.0,156.0,395.0,0.0,0.0,0.0,0.0,1
54.0,154.0,0.0,314.0,199.0,81.0,0.0,36.0,178.0,327.0,1
55.0,147.0,81.0,505.0,190.0,380.0,0.0,0.0,0.0,0.0,4
55.0,122.0,605.0,0.0,227.0,324.0,0.0,0.0,0.0,0.0,0
55.0,122.0,605.0,0.0,102.0,449.0,0.0,0.0,0.0,0.0,8
55.0,122.0,605.0,0.0,114.0,437.0,0.0,0.0,0.0,0.0,6
54.0,154.0,0.0,343.0,185.0,66.0,0.0,33.0,173.0,335.0,4
54.0,154.0,0.0,329.0,137.0,128.0,0.0,29.0,91.0,421.0,8
54.0,154.0,0.0,343.0,185.0,66.0,0.0,33.0,173.0,335.0,4
54.0,122.0,594.0,0.0,155.0,386.0,0.0,0.0,0.0,0.0,3
54.0,147.0,83.0,496.0,125.0,431.0,0.0,0.0,0.0,0.0,6
54.0,147.0,129.0,453.0,183.0,370.0,0.0,0.0,0.0,0.0,1
54.0,122.0,594.0,0.0,171.0,370.0,0.0,0.0,0.0,0.0,4
54.0,147.0,110.0,471.0,206.0,348.0,0.0,0.0,0.0,0.0,4
54.0,122.0,594.0,0.0,78.0,463.0,0.0,0.0,0.0,0.0,8
54.0,147.0,70.0,508.0,114.0,443.0,0.0,0.0,0.0,0.0,7
54.0,147.0,129.0,453.0,183.0,370.0,0.0,0.0,0.0,0.0,1
54.0,122.0,594.0,0.0,108.0,433.0,0.0,0.0,0.0,0.0,2
54.0,122.0,594.0,0.0,79.0,462.0,0.0,0.0,0.0,0.0,7
53.0,154.0,0.0,297.0,226.0,60.0,0.0,35.0,203.0,293.0,9
53.0,154.0,0.0,323.0,152.0,108.0,0.0,29.0,114.0,388.0,8
53.0,147.0,127.0,437.0,249.0,301.0,0.0,0.0,0.0,0.0,0
53.0,154.0,0.0,304.0,207.0,72.0,0.0,38.0,194.0,299.0,5
53.0,154.0,0.0,306.0,200.0,77.0,0.0,32.0,211.0,288.0,0
53.0,147.0,111.0,461.0,171.0,371.0,0.0,0.0,0.0,0.0,4
53.0,154.0,0.0,297.0,226.0,60.0,0.0,35.0,203.0,293.0,9
53.0,147.0,73.0,494.0,176.0,371.0,0.0,0.0,0.0,0.0,1
53.0,147.0,76.0,485.0,129.0,424.0,0.0,0.0,0.0,0.0,8
53.0,147.0,111.0,461.0,171.0,371.0,0.0,0.0,0.0,0.0,4
53.0,122.0,583.0,0.0,222.0,309.0,0.0,0.0,0.0,0.0,9
53.0,122.0,583.0,0.0,146.0,385.0,0.0,0.0,0.0,0.0,3
53.0,122.0,583.0,0.0,105.0,426.0,0.0,0.0,0.0,0.0,7
53.0,122.0,583.0,0.0,99.0,432.0,0.0,0.0,0.0,0.0,6
53.0,122.0,583.0,0.0,222.0,309.0,0.0,0.0,0.0,0.0,9
52.0,154.0,0.0,322.0,133.0,117.0,0.0,35.0,83.0,403.0,8
52.0,154.0,0.0,309.0,207.0,56.0,0.0,35.0,197.0,289.0,5
52.0,154.0,0.0,309.0,203.0,60.0,0.0,31.0,206.0,284.0,9
52.0,154.0,0.0,309.0,207.0,56.0,0.0,35.0,197.0,289.0,5
52.0,154.0,0.0,302.0,150.0,120.0,0.0,35.0,91.0,395.0,6
52.0,147.0,102.0,448.0,217.0,326.0,0.0,0.0,0.0,0.0,5
52.0,147.0,102.0,448.0,217.0,326.0,0.0,0.0,0.0,0.0,5
52.0,147.0,102.0,448.0,217.0,326.0,0.0,0.0,0.0,0.0,5
52.0,147.0,88.0,473.0,111.0,421.0,0.0,0.0,0.0,0.0,7
52.0,147.0,88.0,473.0,111.0,421.0,0.0,0.0,0.0,0.0,7
52.0,122.0,572.0,1.0,202.0,318.0,0.0,0.0,0.0,0.0,5
52.0,122.0,572.0,0.0,147.0,374.0,0.0,0.0,0.0,0.0,4
52.0,122.0,572.0,0.0,97.0,424.0,0.0,0.0,0.0,0.0,6
52.0,122.0,572.0,0.0,97.0,424.0,0.0,0.0,0.0,0.0,6
52.0,122.0,572.0,0.0,202.0,319.0,0.0,0.0,0.0,0.0,9
51.0,154.0,0.0,333.0,131.0,97.0,0.0,32.0,97.0,382.0,7
51.0,154.0,0.0,314.0,163.0,84.0,0.0,34.0,149.0,328.0,4
51.0,154.0,0.0,314.0,163.0,84.0,0.0,34.0,149.0,328.0,4
51.0,147.0,132.0,422.0,146.0,372.0,0.0,0.0,0.0,0.0,4
51.0,147.0,129.0,421.0,175.0,347.0,0.0,0.0,0.0,0.0,3
51.0,154.0,0.0,299.0,134.0,128.0,0.0,32.0,99.0,380.0,8
51.0,154.0,0.0,284.0,146.0,131.0,0.0,31.0,103.0,377.0,6
51.0,147.0,90.0,459.0,203.0,320.0,0.0,0.0,0.0,0.0,0
51.0,147.0,88.0,451.0,211.0,322.0,0.0,0.0,0.0,0.0,9
51.0,147.0,90.0,458.0,219.0,305.0,0.0,0.0,0.0,0.0,5
51.0,122.0,561.0,0.0,102.0,409.0,0.0,0.0,0.0,0.0,2
51.0,122.0,561.0,0.0,146.0,365.0,0.0,0.0,0.0,0.0,1
51.0,122.0,561.0,0.0,89.0,422.0,0.0,0.0,0.0,0.0,8
51.0,122.0,561.0,0.0,102.0,409.0,0.0,0.0,0.0,0.0,2
51.0,122.0,561.0,0.0,195.0,316.0,0.0,0.0,0.0,0.0,9
50.0,154.0,0.0,274.0,164.0,112.0,0.0,27.0,95.0,379.0,2
50.0,154.0,0.0,321.0,174.0,55.0,0.0,30.0,207.0,264.0,0
50.0,154.0,0.0,274.0,164.0,112.0,0.0,27.0,95.0,379.0,2
50.0,154.0,0.0,310.0,134.0,106.0,0.0,35.0,107.0,359.0,8
50.0,154.0,0.0,305.0,189.0,56.0,0.0,32.0,207.0,262.0,5
50.0,147.0,123.0,418.0,171.0,339.0,0.0,0.0,0.0,0.0,4
50.0,147.0,117.0,415.0,125.0,394.0,0.0,0.0,0.0,0.0,6
50.0,147.0,87.0,453.0,90.0,421.0,0.0,0.0,0.0,0.0,2
50.0,147.0,117.0,415.0,125.0,394.0,0.0,0.0,0.0,0.0,6
50.0,147.0,90.0,445.0,174.0,342.0,0.0,0.0,0.0,0.0,3
50.0,122.0,550.0,0.0,210.0,291.0,0.0,0.0,0.0,0.0,9
50.0,122.0,550.0,0.0,157.0,344.0,0.0,0.0,0.0,0.0,3
50.0,122.0,550.0,0.0,72.0,429.0,0.0,0.0,0.0,0.0,6
50.0,122.0,550.0,0.0,210.0,291.0,0.0,0.0,0.0,0.0,9
50.0,122.0,550.0,0.0,165.0,336.0,0.0,0.0,0.0,0.0,4
49.0,154.0,0.0,282.0,143.0,114.0,0.0,31.0,87.0,373.0,7
49.0,154.0,0.0,290.0,195.0,54.0,0.0,34.0,190.0,267.0,5
49.0,154.0,0.0,285.0,172.0,82.0,0.0,30.0,170.0,291.0,3
49.0,154.0,0.0,290.0,195.0,54.0,0.0,34.0,190.0,267.0,5
49.0,147.0,213.0,316.0,201.0,300.0,0.0,0.0,0.0,0.0,9
49.0,154.0,0.0,290.0,195.0,54.0,0.0,34.0,190.0,267.0,5
49.0,147.0,213.0,316.0,201.0,300.0,0.0,0.0,0.0,0.0,9
49.0,147.0,179.0,349.0,163.0,339.0,0.0,0.0,0.0,0.0,4
49.0,147.0,179.0,349.0,163.0,339.0,0.0,0.0,0.0,0.0,4
49.0,147.0,83.0,440.0,214.0,293.0,0.0,0.0,0.0,0.0,0
49.0,122.0,539.0,0.0,138.0,353.0,0.0,0.0,0.0,0.0,1
49.0,122.0,539.0,0.0,222.0,269.0,0.0,0.0,0.0,0.0,5
49.0,122.0,539.0,0.0,161.0,330.0,0.0,0.0,0.0,0.0,4
49.0,122.0,539.0,0.0,138.0,353.0,0.0,0.0,0.0,0.0,1
49.0,122.0,539.0,0.0,138.0,353.0,0.0,0.0,0.0,0.0,1
48.0,154.0,0.0,289.0,137.0,102.0,0.0,34.0,95.0,352.0,8
48.0,154.0,0.0,268.0,174.0,86.0,0.0,30.0,170.0,281.0,3
48.0,154.0,0.0,296.0,169.0,63.0,0.0,32.0,192.0,257.0,9
48.0,154.0,0.0,270.0,209.0,49.0,0.0,39.0,195.0,247.0,5
48.0,154.0,0.0,293.0,155.0,80.0,0.0,28.0,133.0,320.0,1
48.0,147.0,111.0,408.0,148.0,342.0,0.0,0.0,0.0,0.0,1
48.0,147.0,111.0,408.0,148.0,342.0,0.0,0.0,0.0,0.0,1
47.0,147.0,180.0,331.0,192.0,285.0,0.0,0.0,0.0,0.0,9
48.0,147.0,118.0,398.0,171.0,322.0,0.0,0.0,0.0,0.0,3
47.0,147.0,135.0,368.0,144.0,341.0,0.0,0.0,0.0,0.0,4
48.0,122.0,528.0,0.0,194.0,287.0,0.0,0.0,0.0,0.0,5
48.0,147.0,105.0,410.0,108.0,386.0,0.0,0.0,0.0,0.0,2
48.0,147.0,170.0,349.0,106.0,384.0,0.0,0.0,0.0,0.0,6
47.0,154.0,0.0,270.0,147.0,100.0,0.0,25.0,103.0,343.0,8
47.0,154.0,0.0,277.0,189.0,51.0,0.0,33.0,164.0,274.0,0
48.0,122.0,528.0,0.0,144.0,337.0,0.0,0.0,0.0,0.0,4
48.0,122.0,528.0,0.0,96.0,385.0,0.0,0.0,0.0,0.0,2
47.0,154.0,0.0,258.0,135.0,124.0,0.0,27.0,87.0,357.0,2
48.0,122.0,528.0,0.0,193.0,288.0,0.0,0.0,0.0,0.0,9
47.0,154.0,0.0,284.0,116.0,117.0,0.0,32.0,87.0,352.0,6
47.0,154.0,0.0,273.0,179.0,65.0,0.0,24.0,154.0,293.0,1
48.0,122.0,528.0,0.0,96.0,385.0,0.0,0.0,0.0,0.0,2
47.0,147.0,142.0,363.0,87.0,396.0,0.0,0.0,0.0,0.0,2
47.0,147.0,170.0,340.0,112.0,366.0,0.0,0.0,0.0,0.0,6
47.0,122.0,517.0,0.0,186.0,285.0,0.0,0.0,0.0,0.0,0
47.0,122.0,517.0,0.0,187.0,284.0,0.0,0.0,0.0,0.0,9
47.0,147.0,180.0,331.0,192.0,285.0,0.0,0.0,0.0,0.0,9
47.0,122.0,517.0,0.0,134.0,337.0,0.0,0.0,0.0,0.0,4
47.0,122.0,517.0,0.0,80.0,391.0,0.0,0.0,0.0,0.0,7
47.0,122.0,517.0,0.0,80.0,391.0,0.0,0.0,0.0,0.0,7
46.0,154.0,0.0,268.0,179.0,59.0,0.0,34.0,170.0,257.0,5
46.0,154.0,0.0,291.0,112.0,103.0,0.0,30.0,94.0,337.0,2
46.0,154.0,0.0,268.0,132.0,106.0,0.0,37.0,74.0,350.0,6
46.0,154.0,0.0,276.0,172.0,58.0,1.0,27.0,177.0,256.0,0
46.0,154.0,0.0,276.0,172.0,58.0,1.0,27.0,177.0,256.0,0
46.0,147.0,190.0,311.0,81.0,385.0,0.0,0.0,0.0,0.0,8
46.0,147.0,208.0,294.0,80.0,385.0,0.0,0.0,0.0,0.0,7
46.0,147.0,203.0,288.0,202.0,274.0,0.0,0.0,0.0,0.0,5
46.0,147.0,229.0,275.0,176.0,287.0,0.0,0.0,0.0,0.0,9
46.0,122.0,506.0,0.0,91.0,370.0,0.0,0.0,0.0,0.0,6
46.0,147.0,155.0,344.0,155.0,313.0,0.0,0.0,0.0,0.0,3
46.0,122.0,506.0,0.0,183.0,278.0,0.0,0.0,0.0,0.0,5
46.0,122.0,506.0,0.0,77.0,384.0,0.0,0.0,0.0,0.0,8
46.0,122.0,506.0,0.0,183.0,278.0,0.0,0.0,0.0,0.0,5
46.0,122.0,506.0,0.0,139.0,322.0,0.0,0.0,0.0,0.0,3
45.0,154.0,0.0,268.0,151.0,76.0,0.0,28.0,135.0,288.0,4
45.0,154.0,0.0,275.0,169.0,51.0,0.0,30.0,172.0,249.0,5
45.0,154.0,0.0,262.0,161.0,72.0,0.0,28.0,140.0,283.0,1
45.0,154.0,0.0,262.0,161.0,72.0,0.0,28.0,140.0,283.0,1
45.0,147.0,126.0,361.0,82.0,377.0,0.0,0.0,0.0,0.0,7
45.0,154.0,0.0,271.0,179.0,45.0,0.0,28.0,183.0,240.0,0
45.0,147.0,200.0,286.0,144.0,316.0,0.0,0.0,0.0,0.0,4
45.0,147.0,228.0,261.0,190.0,267.0,0.0,0.0,0.0,0.0,5
45.0,147.0,126.0,361.0,82.0,377.0,0.0,0.0,0.0,0.0,7
45.0,147.0,126.0,361.0,82.0,377.0,0.0,0.0,0.0,0.0,7
45.0,122.0,495.0,0.0,94.0,357.0,0.0,0.0,0.0,0.0,8
45.0,122.0,495.0,0.0,197.0,254.0,0.0,0.0,0.0,0.0,5
45.0,122.0,495.0,1.0,155.0,295.0,0.0,0.0,0.0,0.0,9
45.0,122.0,495.0,0.0,91.0,360.0,0.0,0.0,0.0,0.0,6
45.0,122.0,495.0,0.0,94.0,357.0,0.0,0.0,0.0,0.0,8
44.0,154.0,0.0,267.0,148.0,69.0,0.0,31.0,145.0,265.0,1
44.0,154.0,0.0,262.0,128.0,94.0,0.0,23.0,71.0,347.0,8
44.0,154.0,0.0,262.0,128.0,94.0,0.0,23.0,71.0,347.0,8
44.0,154.0,0.0,258.0,174.0,52.0,0.0,31.0,176.0,234.0,0
44.0,154.0,0.0,261.0,166.0,57.0,1.0,26.0,135.0,279.0,3
44.0,147.0,174.0,301.0,86.0,364.0,0.0,0.0,0.0,0.0,7
44.0,147.0,175.0,296.0,92.0,362.0,0.0,0.0,0.0,0.0,8
44.0,147.0,174.0,301.0,86.0,364.0,0.0,0.0,0.0,0.0,7
44.0,147.0,176.0,299.0,85.0,365.0,0.0,0.0,0.0,0.0,2
44.0,147.0,179.0,296.0,152.0,298.0,0.0,0.0,0.0,0.0,3
44.0,122.0,484.0,0.0,188.0,253.0,0.0,0.0,0.0,0.0,0
44.0,122.0,484.0,0.0,131.0,310.0,0.0,0.0,0.0,0.0,3
44.0,122.0,484.0,0.0,80.0,361.0,0.0,0.0,0.0,0.0,7
44.0,122.0,484.0,0.0,180.0,261.0,0.0,0.0,0.0,0.0,5
44.0,122.0,484.0,0.0,131.0,310.0,0.0,0.0,0.0,0.0,3
43.0,154.0,0.0,254.0,126.0,93.0,0.0,32.0,80.0,319.0,8
43.0,154.0,0.0,272.0,157.0,44.0,0.0,34.0,160.0,237.0,0
43.0,154.0,0.0,277.0,108.0,88.0,0.0,27.0,76.0,328.0,2
43.0,154.0,0.0,272.0,157.0,44.0,0.0,34.0,160.0,237.0,0
43.0,154.0,0.0,272.0,157.0,44.0,0.0,34.0,160.0,237.0,0
43.0,147.0,247.0,223.0,91.0,343.0,0.0,0.0,0.0,0.0,7
43.0,147.0,247.0,223.0,91.0,343.0,0.0,0.0,0.0,0.0,7
43.0,147.0,189.0,276.0,188.0,251.0,0.0,0.0,0.0,0.0,9
43.0,147.0,247.0,223.0,91.0,343.0,0.0,0.0,0.0,0.0,7
43.0,147.0,142.0,321.0,167.0,274.0,0.0,0.0,0.0,0.0,5
43.0,122.0,473.0,0.0,168.0,263.0,0.0,0.0,0.0,0.0,9
43.0,122.0,473.0,0.0,74.0,357.0,0.0,0.0,0.0,0.0,8
43.0,122.0,473.0,0.0,148.0,283.0,0.0,0.0,0.0,0.0,1
43.0,122.0,473.0,0.0,78.0,353.0,0.0,0.0,0.0,0.0,6
43.0,122.0,473.0,0.0,168.0,263.0,0.0,0.0,0.0,0.0,9
42.0,154.0,0.0,234.0,123.0,105.0,0.0,26.0,75.0,320.0,7
42.0,154.0,0.0,257.0,140.0,65.0,1.0,30.0,133.0,257.0,3
42.0,154.0,0.0,262.0,105.0,95.0,0.0,24.0,77.0,320.0,6
42.0,154.0,0.0,257.0,140.0,65.0,1.0,30.0,133.0,257.0,3
42.0,154.0,0.0,267.0,143.0,52.0,1.0,33.0,113.0,274.0,4
42.0,147.0,212.0,246.0,86.0,339.0,0.0,0.0,0.0,0.0,2
42.0,147.0,194.0,260.0,170.0,259.0,0.0,0.0,0.0,0.0,5
42.0,147.0,232.0,223.0,162.0,266.0,0.0,0.0,0.0,0.0,1
42.0,147.0,232.0,223.0,162.0,266.0,0.0,0.0,0.0,0.0,1
42.0,147.0,165.0,294.0,177.0,247.0,0.0,0.0,0.0,0.0,0
42.0,122.0,462.0,0.0,73.0,348.0,0.0,0.0,0.0,0.0,6
42.0,122.0,462.0,0.0,145.0,276.0,0.0,0.0,0.0,0.0,4
42.0,122.0,462.0,0.0,84.0,337.0,0.0,0.0,0.0,0.0,7
42.0,122.0,462.0,0.0,171.0,250.0,0.0,0.0,0.0,0.0,0
42.0,122.0,462.0,2.0,70.0,349.0,0.0,0.0,0.0,0.0,8
41.0,154.0,0.0,271.0,133.0,47.0,0.0,28.0,125.0,258.0,4
41.0,154.0,0.0,252.0,104.0,95.0,1.0,22.0,84.0,304.0,6
41.0,154.0,0.0,248.0,155.0,48.0,0.0,27.0,161.0,223.0,5
41.0,154.0,0.0,261.0,97.0,93.0,0.0,27.0,69.0,315.0,7
41.0,147.0,219.0,226.0,118.0,299.0,0.0,0.0,0.0,0.0,4
41.0,154.0,0.0,259.0,141.0,51.0,0.0,26.0,163.0,222.0,9
41.0,147.0,289.0,158.0,82.0,333.0,0.0,0.0,0.0,0.0,6
41.0,147.0,156.0,287.0,121.0,298.0,0.0,0.0,0.0,0.0,3
41.0,147.0,289.0,158.0,82.0,333.0,0.0,0.0,0.0,0.0,6
41.0,147.0,209.0,235.0,71.0,347.0,0.0,0.0,0.0,0.0,7
41.0,122.0,451.0,1.0,87.0,323.0,0.0,0.0,0.0,0.0,8
41.0,122.0,451.0,0.0,168.0,243.0,0.0,0.0,0.0,0.0,9
41.0,122.0,451.0,0.0,137.0,274.0,0.0,0.0,0.0,0.0,4
41.0,122.0,451.0,0.0,164.0,247.0,0.0,0.0,0.0,0.0,5
41.0,122.0,451.0,0.0,139.0,272.0,0.0,0.0,0.0,0.0,1
40.0,154.0,0.0,230.0,159.0,51.0,0.0,24.0,163.0,214.0,5
40.0,154.0,0.0,232.0,140.0,68.0,0.0,26.0,124.0,251.0,1
40.0,154.0,0.0,232.0,140.0,68.0,0.0,26.0,124.0,251.0,1
40.0,154.0,0.0,231.0,136.0,73.0,0.0,28.0,123.0,250.0,3
40.0,154.0,0.0,242.0,118.0,80.0,0.0,23.0,81.0,297.0,6
40.0,147.0,177.0,254.0,80.0,330.0,0.0,0.0,0.0,0.0,7
40.0,147.0,203.0,231.0,139.0,268.0,0.0,0.0,0.0,0.0,3
40.0,147.0,178.0,253.0,170.0,240.0,0.0,0.0,0.0,0.0,5
40.0,147.0,220.0,216.0,82.0,323.0,0.0,0.0,0.0,0.0,2
40.0,147.0,220.0,216.0,82.0,323.0,0.0,0.0,0.0,0.0,2
40.0,122.0,440.0,0.0,132.0,269.0,0.0,0.0,0.0,0.0,4
40.0,122.0,440.0,0.0,86.0,315.0,0.0,0.0,0.0,0.0,7
40.0,122.0,440.0,0.0,126.0,275.0,0.0,0.0,0.0,0.0,1
40.0,122.0,440.0,0.0,86.0,315.0,0.0,0.0,0.0,0.0,7
40.0,122.0,440.0,0.0,132.0,269.0,0.0,0.0,0.0,0.0,4
39.0,154.0,0.0,233.0,139.0,57.0,0.0,31.0,117.0,243.0,1
39.0,154.0,0.0,248.0,139.0,42.0,1.0,29.0,138.0,223.0,9
39.0,154.0,0.0,231.0,107.0,91.0,0.0,29.0,73.0,289.0,7
39.0,154.0,0.0,225.0,121.0,83.0,0.0,24.0,79.0,288.0,2
39.0,147.0,213.0,204.0,136.0,267.0,0.0,0.0,0.0,0.0,1
39.0,154.0,0.0,257.0,135.0,37.0,0.0,28.0,156.0,207.0,5
39.0,147.0,236.0,188.0,75.0,321.0,0.0,0.0,0.0,0.0,8
39.0,147.0,258.0,165.0,126.0,271.0,0.0,0.0,0.0,0.0,4
39.0,147.0,160.0,257.0,95.0,308.0,0.0,0.0,0.0,0.0,7
39.0,147.0,314.0,114.0,156.0,236.0,0.0,0.0,0.0,0.0,5
39.0,122.0,429.0,0.0,75.0,316.0,0.0,0.0,0.0,0.0,8
39.0,122.0,429.0,0.0,177.0,214.0,0.0,0.0,0.0,0.0,5
39.0,122.0,429.0,0.0,111.0,280.0,0.0,0.0,0.0,0.0,1
39.0,122.0,429.0,0.0,72.0,319.0,0.0,0.0,0.0,0.0,6
39.0,122.0,429.0,0.0,112.0,279.0,0.0,0.0,0.0,0.0,4
38.0,154.0,0.0,230.0,131.0,57.0,0.0,20.0,135.0,226.0,1
38.0,154.0,0.0,246.0,127.0,45.0,1.0,22.0,142.0,216.0,5
38.0,154.0,0.0,231.0,144.0,43.0,0.0,27.0,142.0,212.0,0
38.0,147.0,257.0,153.0,81.0,308.0,0.0,0.0,0.0,0.0,6
38.0,154.0,0.0,237.0,108.0,73.0,0.0,25.0,70.0,286.0,6
38.0,154.0,0.0,214.0,118.0,86.0,1.0,28.0,61.0,291.0,7
38.0,147.0,165.0,246.0,68.0,320.0,0.0,0.0,0.0,0.0,7
38.0,147.0,175.0,236.0,119.0,269.0,0.0,0.0,0.0,0.0,4
38.0,147.0,257.0,153.0,81.0,308.0,0.0,0.0,0.0,0.0,6
38.0,147.0,160.0,253.0,124.0,262.0,0.0,0.0,0.0,0.0,3
38.0,122.0,418.0,0.0,115.0,266.0,0.0,0.0,0.0,0.0,3
38.0,122.0,418.0,0.0,115.0,266.0,0.0,0.0,0.0,0.0,3
38.0,122.0,418.0,0.0,65.0,316.0,0.0,0.0,0.0,0.0,8
38.0,122.0,418.0,0.0,57.0,324.0,0.0,0.0,0.0,0.0,6
38.0,122.0,418.0,0.0,143.0,238.0,0.0,0.0,0.0,0.0,9
37.0,154.0,0.0,237.0,130.0,40.0,1.0,25.0,106.0,239.0,1
37.0,154.0,0.0,229.0,101.0,77.0,0.0,17.0,76.0,278.0,7
37.0,154.0,0.0,237.0,130.0,40.0,1.0,25.0,106.0,239.0,1
37.0,154.0,0.0,210.0,157.0,40.0,0.0,29.0,160.0,182.0,9
37.0,147.0,194.0,207.0,166.0,211.0,0.0,0.0,0.0,0.0,0
37.0,154.0,0.0,237.0,130.0,40.0,1.0,25.0,106.0,239.0,1
37.0,147.0,205.0,195.0,128.0,250.0,0.0,0.0,0.0,0.0,4
37.0,147.0,205.0,195.0,128.0,250.0,0.0,0.0,0.0,0.0,4
37.0,147.0,212.0,191.0,162.0,213.0,0.0,0.0,0.0,0.0,9
37.0,122.0,407.0,0.0,161.0,210.0,0.0,0.0,0.0,0.0,0
37.0,147.0,194.0,207.0,166.0,211.0,0.0,0.0,0.0,0.0,0
37.0,122.0,407.0,0.0,59.0,312.0,0.0,0.0,0.0,0.0,6
37.0,122.0,407.0,0.0,115.0,256.0,0.0,0.0,0.0,0.0,1
37.0,122.0,407.0,0.0,59.0,312.0,0.0,0.0,0.0,0.0,6
37.0,122.0,407.0,0.0,60.0,311.0,0.0,0.0,0.0,0.0,7
36.0,154.0,0.0,215.0,107.0,74.0,1.0,24.0,68.0,268.0,7
36.0,154.0,0.0,230.0,88.0,78.0,1.0,24.0,63.0,273.0,6
36.0,154.0,0.0,225.0,130.0,41.0,1.0,20.0,153.0,187.0,5
36.0,147.0,231.0,154.0,83.0,289.0,0.0,0.0,0.0,0.0,8
36.0,154.0,0.0,223.0,120.0,53.0,0.0,24.0,102.0,235.0,4
36.0,147.0,270.0,124.0,116.0,247.0,0.0,0.0,0.0,0.0,4
36.0,154.0,0.0,229.0,116.0,51.0,0.0,23.0,113.0,225.0,3
36.0,147.0,286.0,108.0,135.0,228.0,0.0,0.0,0.0,0.0,9
36.0,147.0,258.0,134.0,68.0,297.0,0.0,0.0,0.0,0.0,2
36.0,147.0,186.0,207.0,75.0,289.0,0.0,0.0,0.0,0.0,7
36.0,122.0,396.0,0.0,63.0,298.0,0.0,0.0,0.0,0.0,8
36.0,122.0,396.0,0.0,137.0,224.0,0.0,0.0,0.0,0.0,9
36.0,122.0,396.0,0.0,157.0,204.0,0.0,0.0,0.0,0.0,0
36.0,122.0,396.0,0.0,63.0,298.0,0.0,0.0,0.0,0.0,8
36.0,122.0,396.0,0.0,137.0,224.0,0.0,0.0,0.0,0.0,9
35.0,154.0,0.0,230.0,106.0,49.0,0.0,23.0,99.0,229.0,4
35.0,154.0,0.0,215.0,125.0,45.0,0.0,22.0,133.0,196.0,0
35.0,122.0,385.0,0.0,62.0,289.0,0.0,0.0,0.0,0.0,7
35.0,122.0,385.0,1.0,63.0,287.0,0.0,0.0,0.0,0.0,6
35.0,154.0,0.0,222.0,118.0,45.0,0.0,26.0,128.0,197.0,5
35.0,154.0,0.0,215.0,119.0,51.0,0.0,25.0,107.0,219.0,1
35.0,122.0,385.0,0.0,109.0,242.0,0.0,0.0,0.0,0.0,1
35.0,154.0,0.0,219.0,121.0,45.0,0.0,17.0,108.0,226.0,3
35.0,122.0,385.0,1.0,63.0,287.0,0.0,0.0,0.0,0.0,6
35.0,147.0,249.0,133.0,131.0,223.0,0.0,0.0,0.0,0.0,5
35.0,122.0,385.0,0.0,102.0,249.0,0.0,0.0,0.0,0.0,3
35.0,147.0,257.0,124.0,117.0,238.0,0.0,0.0,0.0,0.0,1
35.0,147.0,296.0,84.0,106.0,250.0,0.0,0.0,0.0,0.0,4
35.0,147.0,249.0,133.0,131.0,223.0,0.0,0.0,0.0,0.0,5
35.0,147.0,263.0,121.0,67.0,285.0,0.0,0.0,0.0,0.0,2
34.0,154.0,0.0,206.0,129.0,39.0,0.0,28.0,129.0,184.0,5
34.0,154.0,0.0,212.0,124.0,38.0,0.0,25.0,104.0,212.0,4
34.0,154.0,0.0,207.0,117.0,50.0,0.0,28.0,138.0,175.0,9
34.0,154.0,0.0,208.0,130.0,36.0,0.0,25.0,129.0,187.0,0
34.0,154.0,0.0,229.0,75.0,70.0,1.0,23.0,65.0,252.0,2
34.0,147.0,272.0,101.0,63.0,279.0,0.0,0.0,0.0,0.0,2
34.0,147.0,206.0,162.0,144.0,203.0,0.0,0.0,0.0,0.0,5
34.0,147.0,280.0,92.0,104.0,239.0,0.0,0.0,0.0,0.0,3
34.0,122.0,374.0,0.0,93.0,248.0,0.0,0.0,0.0,0.0,3
34.0,147.0,280.0,92.0,104.0,239.0,0.0,0.0,0.0,0.0,3
34.0,122.0,374.0,1.0,121.0,219.0,0.0,0.0,0.0,0.0,1
34.0,122.0,374.0,0.0,143.0,198.0,0.0,0.0,0.0,0.0,5
34.0,147.0,239.0,131.0,121.0,224.0,0.0,0.0,0.0,0.0,4
34.0,122.0,374.0,1.0,121.0,219.0,0.0,0.0,0.0,0.0,1
34.0,122.0,374.0,0.0,143.0,198.0,0.0,0.0,0.0,0.0,5
33.0,154.0,0.0,207.0,102.0,54.0,0.0,23.0,106.0,202.0,4
33.0,147.0,328.0,34.0,137.0,195.0,0.0,0.0,0.0,0.0,9
33.0,147.0,237.0,121.0,133.0,203.0,0.0,0.0,0.0,0.0,1
33.0,154.0,0.0,220.0,110.0,33.0,1.0,23.0,129.0,178.0,9
33.0,147.0,286.0,76.0,54.0,278.0,0.0,0.0,0.0,0.0,8
33.0,154.0,0.0,207.0,102.0,54.0,0.0,23.0,106.0,202.0,4
33.0,147.0,237.0,121.0,133.0,203.0,0.0,0.0,0.0,0.0,1
33.0,154.0,0.0,205.0,86.0,72.0,0.0,26.0,52.0,253.0,8
33.0,154.0,0.0,205.0,86.0,72.0,0.0,26.0,52.0,253.0,8
33.0,147.0,269.0,93.0,64.0,268.0,0.0,0.0,0.0,0.0,7
33.0,122.0,363.0,0.0,63.0,268.0,0.0,0.0,0.0,0.0,6
33.0,122.0,363.0,0.0,55.0,276.0,0.0,0.0,0.0,0.0,2
33.0,122.0,363.0,0.0,55.0,276.0,0.0,0.0,0.0,0.0,8
33.0,122.0,363.0,0.0,105.0,226.0,0.0,0.0,0.0,0.0,4
33.0,122.0,363.0,0.0,59.0,272.0,0.0,0.0,0.0,0.0,7
32.0,154.0,0.0,190.0,86.0,76.0,0.0,22.0,70.0,229.0,2
32.0,154.0,0.0,189.0,115.0,48.0,0.0,24.0,94.0,203.0,4
32.0,154.0,0.0,189.0,115.0,48.0,0.0,24.0,94.0,203.0,4
32.0,154.0,320.0,0.0,9.0,23.0,0.0,24.0,122.0,175.0,5
32.0,154.0,0.0,209.0,99.0,44.0,1.0,23.0,104.0,193.0,1
32.0,147.0,244.0,107.0,66.0,256.0,0.0,0.0,0.0,0.0,2
32.0,147.0,343.0,8.0,120.0,202.0,0.0,0.0,0.0,0.0,5
32.0,147.0,236.0,113.0,132.0,192.0,0.0,0.0,0.0,0.0,0
32.0,147.0,244.0,107.0,66.0,256.0,0.0,0.0,0.0,0.0,2
32.0,147.0,343.0,8.0,120.0,202.0,0.0,0.0,0.0,0.0,5
32.0,122.0,352.0,0.0,66.0,255.0,0.0,0.0,0.0,0.0,7
32.0,122.0,352.0,0.0,99.0,222.0,0.0,0.0,0.0,0.0,4
32.0,122.0,352.0,0.0,119.0,202.0,0.0,0.0,0.0,0.0,0
32.0,122.0,352.0,0.0,99.0,222.0,0.0,0.0,0.0,0.0,4
32.0,122.0,352.0,0.0,119.0,202.0,0.0,0.0,0.0,0.0,0
31.0,154.0,0.0,184.0,110.0,47.0,0.0,23.0,142.0,146.0,0
31.0,154.0,0.0,187.0,93.0,61.0,0.0,23.0,61.0,227.0,8
31.0,154.0,0.0,184.0,92.0,65.0,0.0,21.0,57.0,233.0,6
31.0,154.0,310.0,0.0,7.0,24.0,0.0,23.0,92.0,196.0,4
31.0,147.0,237.0,101.0,61.0,253.0,0.0,0.0,0.0,0.0,6
31.0,154.0,0.0,187.0,93.0,61.0,0.0,23.0,61.0,227.0,8
31.0,147.0,256.0,83.0,146.0,167.0,0.0,0.0,0.0,0.0,0
31.0,147.0,277.0,62.0,51.0,262.0,0.0,0.0,0.0,0.0,8
31.0,147.0,331.0,10.0,87.0,224.0,0.0,0.0,0.0,0.0,4
31.0,147.0,240.0,98.0,116.0,198.0,0.0,0.0,0.0,0.0,9
31.0,122.0,341.0,0.0,57.0,254.0,0.0,0.0,0.0,0.0,6
31.0,122.0,341.0,0.0,64.0,247.0,0.0,0.0,0.0,0.0,2
31.0,122.0,341.0,0.0,110.0,201.0,0.0,0.0,0.0,0.0,9
31.0,122.0,341.0,0.0,95.0,216.0,0.0,0.0,0.0,0.0,4
31.0,122.0,341.0,0.0,110.0,201.0,0.0,0.0,0.0,0.0,9
30.0,154.0,0.0,181.0,101.0,48.0,0.0,22.0,104.0,175.0,4
30.0,154.0,0.0,184.0,99.0,47.0,0.0,20.0,84.0,197.0,3
30.0,154.0,0.0,181.0,101.0,48.0,0.0,22.0,104.0,175.0,4
30.0,154.0,0.0,193.0,74.0,63.0,0.0,22.0,67.0,212.0,8
30.0,147.0,259.0,70.0,57.0,245.0,0.0,0.0,0.0,0.0,8
30.0,154.0,0.0,181.0,101.0,48.0,0.0,22.0,104.0,175.0,4
30.0,147.0,266.0,62.0,53.0,250.0,0.0,0.0,0.0,0.0,7
30.0,147.0,211.0,114.0,116.0,190.0,0.0,0.0,0.0,0.0,1
30.0,147.0,240.0,86.0,101.0,204.0,0.0,0.0,0.0,0.0,4
30.0,147.0,316.0,14.0,118.0,183.0,0.0,0.0,0.0,0.0,0
30.0,122.0,330.0,1.0,94.0,206.0,0.0,0.0,0.0,0.0,1
30.0,122.0,330.0,0.0,66.0,235.0,0.0,0.0,0.0,0.0,2
30.0,122.0,330.0,1.0,94.0,206.0,0.0,0.0,0.0,0.0,1
30.0,122.0,330.0,0.0,99.0,202.0,0.0,0.0,0.0,0.0,4
30.0,122.0,330.0,0.0,99.0,202.0,0.0,0.0,0.0,0.0,4
29.0,154.0,0.0,181.0,89.0,49.0,0.0,17.0,80.0,194.0,1
29.0,154.0,0.0,178.0,77.0,64.0,0.0,22.0,45.0,224.0,6
29.0,154.0,0.0,176.0,93.0,50.0,1.0,19.0,90.0,181.0,3
29.0,154.0,0.0,180.0,101.0,38.0,1.0,18.0,117.0,155.0,0
29.0,154.0,0.0,178.0,77.0,64.0,0.0,22.0,45.0,224.0,6
29.0,147.0,192.0,125.0,90.0,203.0,0.0,0.0,0.0,0.0,1
29.0,147.0,288.0,30.0,125.0,167.0,0.0,0.0,0.0,0.0,9
29.0,147.0,221.0,97.0,85.0,207.0,0.0,0.0,0.0,0.0,3
29.0,147.0,273.0,45.0,60.0,232.0,0.0,0.0,0.0,0.0,7
29.0,147.0,273.0,45.0,60.0,232.0,0.0,0.0,0.0,0.0,7
29.0,122.0,319.0,0.0,58.0,233.0,0.0,0.0,0.0,0.0,7
29.0,122.0,319.0,0.0,110.0,181.0,0.0,0.0,0.0,0.0,5
29.0,122.0,319.0,0.0,119.0,172.0,0.0,0.0,0.0,0.0,0
29.0,122.0,319.0,0.0,48.0,243.0,0.0,0.0,0.0,0.0,6
29.0,122.0,319.0,0.0,110.0,181.0,0.0,0.0,0.0,0.0,5
28.0,154.0,0.0,164.0,112.0,32.0,0.0,18.0,110.0,153.0,9
28.0,154.0,0.0,185.0,81.0,42.0,1.0,20.0,106.0,154.0,3
28.0,154.0,0.0,164.0,112.0,32.0,0.0,18.0,110.0,153.0,9
28.0,154.0,0.0,164.0,112.0,32.0,0.0,18.0,110.0,153.0,9
28.0,147.0,215.0,91.0,122.0,161.0,0.0,0.0,0.0,0.0,9
28.0,154.0,0.0,184.0,84.0,40.0,0.0,20.0,92.0,169.0,4
28.0,147.0,242.0,64.0,50.0,233.0,0.0,0.0,0.0,0.0,7
28.0,147.0,228.0,77.0,126.0,158.0,0.0,0.0,0.0,0.0,5
28.0,147.0,215.0,91.0,122.0,161.0,0.0,0.0,0.0,0.0,9
28.0,147.0,277.0,30.0,91.0,191.0,0.0,0.0,0.0,0.0,1
28.0,122.0,308.0,0.0,42.0,239.0,0.0,0.0,0.0,0.0,8
28.0,122.0,308.0,0.0,85.0,196.0,0.0,0.0,0.0,0.0,4
28.0,122.0,308.0,0.0,56.0,225.0,0.0,0.0,0.0,0.0,2
28.0,122.0,308.0,0.0,85.0,196.0,0.0,0.0,0.0,0.0,4
28.0,122.0,308.0,0.0,42.0,239.0,0.0,0.0,0.0,0.0,8
27.0,154.0,0.0,168.0,94.0,35.0,0.0,15.0,82.0,174.0,1
27.0,154.0,0.0,168.0,71.0,58.0,2.0,17.0,52.0,200.0,8
27.0,154.0,0.0,168.0,94.0,35.0,0.0,20.0,101.0,150.0,0
27.0,154.0,0.0,168.0,94.0,35.0,0.0,20.0,101.0,150.0,0
27.0,154.0,0.0,183.0,79.0,35.0,0.0,18.0,109.0,144.0,9
27.0,147.0,208.0,88.0,42.0,230.0,0.0,0.0,0.0,0.0,7
27.0,147.0,262.0,35.0,97.0,174.0,0.0,0.0,0.0,0.0,3
27.0,147.0,222.0,75.0,87.0,184.0,0.0,0.0,0.0,0.0,1
27.0,147.0,205.0,90.0,96.0,177.0,0.0,0.0,0.0,0.0,4
27.0,122.0,297.0,0.0,80.0,191.0,0.0,0.0,0.0,0.0,1
27.0,147.0,245.0,49.0,64.0,210.0,0.0,0.0,0.0,0.0,8
27.0,122.0,297.0,0.0,51.0,220.0,0.0,0.0,0.0,0.0,2
27.0,122.0,297.0,0.0,41.0,230.0,0.0,0.0,0.0,0.0,6
27.0,122.0,297.0,0.0,110.0,161.0,0.0,0.0,0.0,0.0,5
27.0,122.0,297.0,1.0,27.0,243.0,0.0,0.0,0.0,0.0,8
26.0,154.0,0.0,165.0,90.0,31.0,0.0,19.0,76.0,166.0,1
26.0,154.0,0.0,165.0,90.0,31.0,0.0,19.0,76.0,166.0,1
26.0,154.0,0.0,161.0,72.0,53.0,0.0,19.0,40.0,202.0,8
26.0,147.0,250.0,36.0,112.0,149.0,0.0,0.0,0.0,0.0,5
26.0,154.0,0.0,161.0,90.0,35.0,0.0,18.0,79.0,164.0,4
26.0,154.0,0.0,161.0,72.0,53.0,0.0,19.0,40.0,202.0,8
26.0,147.0,247.0,39.0,38.0,223.0,0.0,0.0,0.0,0.0,7
26.0,147.0,232.0,52.0,121.0,142.0,0.0,0.0,0.0,0.0,9
26.0,122.0,286.0,0.0,51.0,210.0,0.0,0.0,0.0,0.0,7
26.0,147.0,232.0,52.0,121.0,142.0,0.0,0.0,0.0,0.0,9
26.0,122.0,286.0,0.0,62.0,199.0,0.0,0.0,0.0,0.0,2
26.0,122.0,286.0,0.0,80.0,181.0,0.0,0.0,0.0,0.0,4
26.0,122.0,286.0,0.0,81.0,180.0,0.0,0.0,0.0,0.0,3
26.0,122.0,286.0,0.0,44.0,217.0,0.0,0.0,0.0,0.0,8
26.0,147.0,209.0,76.0,87.0,175.0,0.0,0.0,0.0,0.0,3
25.0,154.0,0.0,164.0,76.0,35.0,0.0,16.0,76.0,159.0,3
25.0,154.0,0.0,163.0,88.0,24.0,1.0,18.0,66.0,166.0,1
25.0,154.0,0.0,161.0,58.0,56.0,0.0,17.0,53.0,181.0,8
25.0,154.0,0.0,153.0,73.0,49.0,0.0,18.0,51.0,182.0,2
25.0,154.0,0.0,161.0,58.0,56.0,0.0,17.0,53.0,181.0,8
25.0,147.0,220.0,52.0,44.0,210.0,0.0,0.0,0.0,0.0,6
25.0,147.0,264.0,11.0,92.0,159.0,0.0,0.0,0.0,0.0,9
25.0,147.0,231.0,42.0,80.0,173.0,0.0,0.0,0.0,0.0,4
25.0,147.0,183.0,88.0,46.0,209.0,0.0,0.0,0.0,0.0,8
25.0,122.0,275.0,0.0,103.0,148.0,0.0,0.0,0.0,0.0,0
25.0,147.0,239.0,36.0,68.0,183.0,0.0,0.0,0.0,0.0,1
25.0,122.0,275.0,0.0,71.0,180.0,0.0,0.0,0.0,0.0,1
25.0,122.0,275.0,0.0,49.0,202.0,0.0,0.0,0.0,0.0,2
25.0,122.0,275.0,0.0,44.0,207.0,0.0,0.0,0.0,0.0,8
25.0,122.0,275.0,0.0,103.0,148.0,0.0,0.0,0.0,0.0,0
24.0,154.0,1.0,159.0,60.0,44.0,0.0,19.0,36.0,186.0,6
24.0,154.0,0.0,146.0,80.0,38.0,1.0,21.0,58.0,161.0,1
24.0,154.0,0.0,159.0,67.0,38.0,1.0,21.0,40.0,179.0,8
24.0,147.0,247.0,17.0,100.0,141.0,0.0,0.0,0.0,0.0,9
24.0,154.0,0.0,155.0,81.0,28.0,1.0,17.0,71.0,152.0,4
24.0,147.0,217.0,47.0,69.0,172.0,0.0,0.0,0.0,0.0,4
24.0,154.0,0.0,150.0,80.0,34.0,3.0,14.0,69.0,155.0,3
24.0,147.0,224.0,38.0,42.0,201.0,0.0,0.0,0.0,0.0,8
24.0,147.0,239.0,25.0,101.0,140.0,0.0,0.0,0.0,0.0,0
24.0,147.0,247.0,17.0,100.0,141.0,0.0,0.0,0.0,0.0,9
24.0,122.0,264.0,0.0,91.0,150.0,0.0,0.0,0.0,0.0,5
24.0,122.0,264.0,0.0,47.0,194.0,0.0,0.0,0.0,0.0,8
24.0,122.0,264.0,0.0,91.0,150.0,0.0,0.0,0.0,0.0,5
24.0,122.0,264.0,0.0,91.0,150.0,0.0,0.0,0.0,0.0,5
24.0,122.0,264.0,0.0,91.0,150.0,0.0,0.0,0.0,0.0,0
23.0,154.0,0.0,149.0,67.0,37.0,3.0,12.0,77.0,139.0,1
23.0,154.0,0.0,147.0,61.0,45.0,5.0,10.0,42.0,174.0,8
23.0,154.0,0.0,136.0,92.0,25.0,3.0,13.0,95.0,120.0,5
23.0,154.0,0.0,147.0,61.0,45.0,5.0,10.0,42.0,174.0,8
23.0,154.0,0.0,147.0,83.0,23.0,0.0,20.0,80.0,131.0,0
23.0,147.0,217.0,34.0,33.0,200.0,0.0,0.0,0.0,0.0,2
23.0,147.0,215.0,38.0,82.0,149.0,0.0,0.0,0.0,0.0,4
23.0,147.0,201.0,51.0,97.0,135.0,0.0,0.0,0.0,0.0,5
23.0,147.0,194.0,58.0,81.0,151.0,0.0,0.0,0.0,0.0,0
23.0,147.0,217.0,36.0,77.0,154.0,0.0,0.0,0.0,0.0,1
23.0,122.0,253.0,0.0,44.0,187.0,0.0,0.0,0.0,0.0,7
23.0,122.0,253.0,0.0,43.0,188.0,0.0,0.0,0.0,0.0,2
23.0,122.0,253.0,0.0,38.0,193.0,0.0,0.0,0.0,0.0,6
23.0,122.0,253.0,0.0,43.0,188.0,0.0,0.0,0.0,0.0,2
23.0,122.0,253.0,0.0,99.0,132.0,0.0,0.0,0.0,0.0,9
22.0,154.0,0.0,145.0,74.0,23.0,4.0,10.0,85.0,122.0,9
22.0,154.0,0.0,137.0,71.0,34.0,1.0,11.0,83.0,126.0,3
22.0,154.0,220.0,0.0,7.0,15.0,0.0,15.0,47.0,159.0,6
22.0,154.0,0.0,146.0,69.0,27.0,0.0,14.0,65.0,142.0,1
22.0,154.0,0.0,152.0,52.0,38.0,0.0,12.0,36.0,173.0,2
22.0,147.0,214.0,26.0,76.0,147.0,0.0,0.0,0.0,0.0,3
22.0,147.0,208.0,33.0,100.0,122.0,0.0,0.0,0.0,0.0,9
22.0,147.0,233.0,9.0,40.0,181.0,0.0,0.0,0.0,0.0,6
22.0,147.0,224.0,18.0,33.0,188.0,0.0,0.0,0.0,0.0,2
22.0,147.0,214.0,26.0,76.0,147.0,0.0,0.0,0.0,0.0,3
22.0,122.0,242.0,1.0,84.0,136.0,0.0,0.0,0.0,0.0,4
22.0,122.0,242.0,1.0,84.0,136.0,0.0,0.0,0.0,0.0,4
22.0,122.0,242.0,0.0,40.0,181.0,0.0,0.0,0.0,0.0,2
22.0,122.0,242.0,0.0,89.0,132.0,0.0,0.0,0.0,0.0,5
22.0,122.0,242.0,0.0,60.0,161.0,0.0,0.0,0.0,0.0,1
21.0,154.0,0.0,133.0,54.0,44.0,3.0,13.0,39.0,156.0,8
21.0,154.0,0.0,134.0,56.0,41.0,0.0,16.0,37.0,158.0,7
21.0,154.0,0.0,137.0,53.0,41.0,2.0,13.0,37.0,159.0,2
21.0,154.0,210.0,0.0,8.0,13.0,5.0,11.0,77.0,118.0,5
21.0,154.0,0.0,134.0,56.0,41.0,0.0,16.0,37.0,158.0,7
21.0,147.0,191.0,39.0,38.0,174.0,0.0,0.0,0.0,0.0,8
21.0,147.0,228.0,3.0,85.0,126.0,0.0,0.0,0.0,0.0,5
21.0,147.0,228.0,3.0,85.0,126.0,0.0,0.0,0.0,0.0,5
21.0,147.0,227.0,4.0,43.0,168.0,0.0,0.0,0.0,0.0,6
21.0,147.0,227.0,4.0,43.0,168.0,0.0,0.0,0.0,0.0,6
21.0,122.0,231.0,0.0,59.0,152.0,0.0,0.0,0.0,0.0,3
21.0,122.0,231.0,0.0,32.0,179.0,0.0,0.0,0.0,0.0,7
21.0,122.0,231.0,0.0,36.0,175.0,0.0,0.0,0.0,0.0,8
21.0,122.0,231.0,0.0,32.0,179.0,0.0,0.0,0.0,0.0,7
21.0,122.0,231.0,0.0,40.0,171.0,0.0,0.0,0.0,0.0,6
20.0,154.0,200.0,0.0,10.0,10.0,0.0,12.0,65.0,124.0,3
20.0,154.0,200.0,0.0,6.0,14.0,2.0,13.0,80.0,106.0,0
20.0,154.0,0.0,147.0,42.0,31.0,0.0,12.0,42.0,147.0,2
20.0,147.0,216.0,4.0,62.0,139.0,0.0,0.0,0.0,0.0,3
20.0,154.0,200.0,0.0,8.0,12.0,2.0,14.0,84.0,101.0,5
20.0,154.0,200.0,0.0,10.0,10.0,0.0,12.0,65.0,124.0,3
20.0,147.0,216.0,3.0,80.0,122.0,0.0,0.0,0.0,0.0,9
20.0,147.0,214.0,5.0,84.0,118.0,0.0,0.0,0.0,0.0,5
20.0,147.0,214.0,5.0,84.0,118.0,0.0,0.0,0.0,0.0,5
20.0,147.0,209.0,10.0,39.0,163.0,0.0,0.0,0.0,0.0,8
20.0,122.0,220.0,0.0,91.0,110.0,0.0,0.0,0.0,0.0,0
20.0,122.0,220.0,0.0,37.0,164.0,0.0,0.0,0.0,0.0,6
20.0,122.0,220.0,0.0,41.0,160.0,0.0,0.0,0.0,0.0,2
20.0,122.0,220.0,0.0,73.0,128.0,0.0,0.0,0.0,0.0,9
20.0,122.0,220.0,0.0,68.0,133.0,0.0,0.0,0.0,0.0,4
19.0,154.0,0.0,139.0,41.0,29.0,1.0,16.0,38.0,136.0,8
19.0,154.0,2.0,138.0,43.0,26.0,1.0,15.0,59.0,116.0,3
19.0,154.0,0.0,125.0,63.0,21.0,3.0,13.0,69.0,106.0,1
19.0,154.0,2.0,138.0,43.0,26.0,1.0,15.0,59.0,116.0,3
19.0,154.0,2.0,138.0,43.0,26.0,1.0,15.0,59.0,116.0,3
19.0,147.0,193.0,14.0,55.0,138.0,0.0,0.0,0.0,0.0,4
19.0,147.0,204.0,4.0,75.0,117.0,0.0,0.0,0.0,0.0,0
19.0,147.0,174.0,34.0,23.0,169.0,0.0,0.0,0.0,0.0,7
19.0,147.0,195.0,14.0,63.0,128.0,0.0,0.0,0.0,0.0,5
19.0,147.0,200.0,9.0,53.0,138.0,0.0,0.0,0.0,0.0,3
19.0,122.0,209.0,0.0,44.0,147.0,0.0,0.0,0.0,0.0,1
19.0,122.0,209.0,0.0,84.0,107.0,0.0,0.0,0.0,0.0,5
19.0,122.0,209.0,0.0,44.0,147.0,0.0,0.0,0.0,0.0,1
19.0,122.0,209.0,0.0,84.0,107.0,0.0,0.0,0.0,0.0,5
19.0,122.0,209.0,0.0,35.0,156.0,0.0,0.0,0.0,0.0,7
18.0,154.0,2.0,116.0,62.0,18.0,1.0,16.0,40.0,124.0,1
18.0,154.0,0.0,126.0,54.0,18.0,2.0,10.0,75.0,94.0,0
18.0,154.0,0.0,137.0,42.0,19.0,3.0,10.0,48.0,120.0,4
18.0,147.0,169.0,29.0,64.0,117.0,0.0,0.0,0.0,0.0,9
18.0,147.0,171.0,25.0,51.0,132.0,0.0,0.0,0.0,0.0,1
18.0,147.0,189.0,9.0,31.0,150.0,0.0,0.0,0.0,0.0,6
18.0,147.0,189.0,9.0,31.0,150.0,0.0,0.0,0.0,0.0,6
18.0,154.0,0.0,126.0,54.0,18.0,2.0,10.0,75.0,94.0,0
18.0,154.0,0.0,132.0,45.0,21.0,1.0,11.0,56.0,113.0,3
18.0,122.0,198.0,1.0,43.0,137.0,0.0,0.0,0.0,0.0,3
18.0,122.0,198.0,0.0,63.0,118.0,0.0,0.0,0.0,0.0,0
18.0,147.0,188.0,10.0,30.0,151.0,0.0,0.0,0.0,0.0,2
18.0,122.0,198.0,0.0,76.0,105.0,0.0,0.0,0.0,0.0,5
18.0,122.0,198.0,0.0,76.0,105.0,0.0,0.0,0.0,0.0,5
18.0,122.0,198.0,0.0,76.0,105.0,0.0,0.0,0.0,0.0,5
17.0,154.0,170.0,0.0,9.0,8.0,2.0,9.0,51.0,109.0,1
17.0,154.0,0.0,111.0,49.0,27.0,3.0,10.0,45.0,113.0,4
17.0,154.0,170.0,0.0,8.0,9.0,1.0,12.0,69.0,89.0,0
17.0,147.0,175.0,12.0,53.0,118.0,0.0,0.0,0.0,0.0,3
17.0,154.0,18.0,137.0,12.0,20.0,0.0,9.0,26.0,136.0,2
17.0,154.0,2.0,138.0,26.0,21.0,1.0,12.0,29.0,129.0,7
17.0,147.0,181.0,6.0,30.0,141.0,0.0,0.0,0.0,0.0,2
17.0,147.0,178.0,8.0,30.0,142.0,0.0,0.0,0.0,0.0,7
17.0,147.0,174.0,13.0,78.0,93.0,0.0,0.0,0.0,0.0,9
17.0,147.0,175.0,12.0,53.0,118.0,0.0,0.0,0.0,0.0,3
17.0,122.0,187.0,0.0,83.0,88.0,0.0,0.0,0.0,0.0,9
17.0,122.0,187.0,0.0,39.0,132.0,0.0,0.0,0.0,0.0,8
17.0,122.0,187.0,0.0,64.0,107.0,0.0,0.0,0.0,0.0,5
17.0,122.0,187.0,0.0,28.0,143.0,0.0,0.0,0.0,0.0,6
17.0,122.0,187.0,0.0,46.0,125.0,0.0,0.0,0.0,0.0,4
16.0,154.0,0.0,118.0,44.0,14.0,2.0,10.0,56.0,93.0,5
16.0,154.0,29.0,106.0,18.0,23.0,2.0,12.0,30.0,117.0,2
16.0,154.0,160.0,0.0,5.0,11.0,4.0,9.0,58.0,90.0,0
16.0,154.0,0.0,115.0,32.0,29.0,3.0,11.0,24.0,123.0,7
16.0,154.0,29.0,106.0,18.0,23.0,2.0,12.0,30.0,117.0,2
16.0,147.0,169.0,7.0,53.0,108.0,0.0,0.0,0.0,0.0,4
16.0,147.0,156.0,19.0,29.0,133.0,0.0,0.0,0.0,0.0,7
16.0,147.0,165.0,9.0,64.0,99.0,0.0,0.0,0.0,0.0,9
16.0,147.0,175.0,1.0,53.0,108.0,0.0,0.0,0.0,0.0,0
16.0,147.0,165.0,11.0,24.0,137.0,0.0,0.0,0.0,0.0,8
16.0,122.0,176.0,0.0,39.0,122.0,0.0,0.0,0.0,0.0,8
16.0,122.0,176.0,0.0,56.0,105.0,0.0,0.0,0.0,0.0,0
16.0,122.0,176.0,0.0,67.0,94.0,0.0,0.0,0.0,0.0,5
16.0,122.0,176.0,0.0,67.0,94.0,0.0,0.0,0.0,0.0,5
16.0,122.0,176.0,0.0,69.0,92.0,0.0,0.0,0.0,0.0,9
15.0,154.0,5.0,111.0,34.0,15.0,2.0,11.0,43.0,95.0,1
15.0,154.0,10.0,122.0,28.0,5.0,3.0,11.0,62.0,75.0,9
15.0,154.0,10.0,122.0,28.0,5.0,3.0,11.0,62.0,75.0,9
15.0,154.0,5.0,111.0,36.0,13.0,2.0,10.0,50.0,89.0,3
15.0,154.0,63.0,69.0,20.0,13.0,0.0,13.0,39.0,99.0,4
15.0,147.0,150.0,15.0,27.0,124.0,0.0,0.0,0.0,0.0,8
15.0,147.0,161.0,4.0,70.0,81.0,0.0,0.0,0.0,0.0,5
15.0,147.0,161.0,4.0,70.0,81.0,0.0,0.0,0.0,0.0,5
15.0,147.0,160.0,5.0,32.0,119.0,0.0,0.0,0.0,0.0,6
15.0,147.0,158.0,7.0,46.0,105.0,0.0,0.0,0.0,0.0,4
15.0,122.0,165.0,0.0,30.0,121.0,0.0,0.0,0.0,0.0,8
15.0,122.0,165.0,0.0,22.0,129.0,0.0,0.0,0.0,0.0,2
15.0,122.0,165.0,0.0,70.0,81.0,0.0,0.0,0.0,0.0,5
15.0,122.0,165.0,0.0,20.0,131.0,0.0,0.0,0.0,0.0,7
15.0,122.0,165.0,0.0,48.0,103.0,0.0,0.0,0.0,0.0,3
14.0,154.0,10.0,109.0,22.0,13.0,2.0,9.0,55.0,75.0,3
14.0,154.0,140.0,0.0,5.0,9.0,7.0,5.0,58.0,71.0,5
14.0,154.0,10.0,109.0,22.0,13.0,2.0,9.0,55.0,75.0,3
14.0,147.0,148.0,6.0,42.0,99.0,0.0,0.0,0.0,0.0,1
14.0,147.0,148.0,6.0,47.0,94.0,0.0,0.0,0.0,0.0,3
14.0,147.0,152.0,2.0,43.0,98.0,0.0,0.0,0.0,0.0,4
14.0,154.0,1.0,94.0,49.0,10.0,1.0,10.0,62.0,68.0,0
14.0,154.0,0.0,98.0,26.0,30.0,1.0,9.0,21.0,110.0,6
14.0,147.0,151.0,3.0,49.0,92.0,0.0,0.0,0.0,0.0,9
14.0,147.0,148.0,6.0,42.0,99.0,0.0,0.0,0.0,0.0,1
14.0,122.0,154.0,0.0,53.0,88.0,0.0,0.0,0.0,0.0,0
14.0,122.0,154.0,0.0,28.0,113.0,0.0,0.0,0.0,0.0,6
14.0,122.0,154.0,0.0,45.0,96.0,0.0,0.0,0.0,0.0,1
14.0,122.0,154.0,0.0,29.0,112.0,0.0,0.0,0.0,0.0,8
14.0,122.0,154.0,0.0,29.0,112.0,0.0,0.0,0.0,0.0,2
13.0,154.0,1.0,96.0,32.0,14.0,3.0,9.0,55.0,64.0,0
13.0,154.0,3.0,96.0,30.0,14.0,1.0,10.0,41.0,79.0,9
13.0,154.0,130.0,0.0,1.0,12.0,3.0,7.0,28.0,93.0,6
13.0,154.0,1.0,92.0,36.0,14.0,5.0,7.0,36.0,83.0,4
13.0,154.0,1.0,96.0,32.0,14.0,3.0,9.0,55.0,64.0,0
13.0,147.0,141.0,2.0,41.0,90.0,0.0,0.0,0.0,0.0,1
13.0,147.0,140.0,3.0,25.0,106.0,0.0,0.0,0.0,0.0,7
13.0,147.0,141.0,2.0,41.0,90.0,0.0,0.0,0.0,0.0,1
13.0,147.0,136.0,7.0,40.0,91.0,0.0,0.0,0.0,0.0,9
13.0,122.0,143.0,0.0,52.0,79.0,0.0,0.0,0.0,0.0,5
13.0,122.0,143.0,0.0,35.0,96.0,0.0,0.0,0.0,0.0,1
13.0,147.0,142.0,1.0,52.0,79.0,0.0,0.0,0.0,0.0,5
13.0,122.0,143.0,0.0,20.0,111.0,0.0,0.0,0.0,0.0,7
13.0,122.0,143.0,0.0,35.0,96.0,0.0,0.0,0.0,0.0,1
13.0,122.0,143.0,0.0,30.0,101.0,0.0,0.0,0.0,0.0,2
12.0,154.0,120.0,0.0,6.0,6.0,3.0,7.0,45.0,66.0,0
12.0,154.0,120.0,0.0,3.0,9.0,5.0,6.0,33.0,77.0,4
12.0,154.0,10.0,85.0,30.0,7.0,1.0,9.0,40.0,71.0,1
12.0,147.0,130.0,2.0,20.0,101.0,0.0,0.0,0.0,0.0,6
12.0,154.0,120.0,0.0,6.0,6.0,3.0,7.0,45.0,66.0,0
12.0,154.0,4.0,86.0,30.0,12.0,3.0,6.0,22.0,90.0,2
12.0,147.0,131.0,1.0,36.0,85.0,0.0,0.0,0.0,0.0,9
12.0,147.0,131.0,1.0,35.0,86.0,0.0,0.0,0.0,0.0,4
12.0,147.0,127.0,5.0,41.0,80.0,0.0,0.0,0.0,0.0,3
12.0,147.0,125.0,7.0,25.0,96.0,0.0,0.0,0.0,0.0,8
12.0,122.0,132.0,1.0,25.0,95.0,0.0,0.0,0.0,0.0,6
12.0,122.0,132.0,0.0,21.0,100.0,0.0,0.0,0.0,0.0,8
12.0,122.0,132.0,0.0,42.0,79.0,0.0,0.0,0.0,0.0,3
12.0,122.0,132.0,0.0,51.0,70.0,0.0,0.0,0.0,0.0,5
12.0,122.0,132.0,0.0,21.0,100.0,0.0,0.0,0.0,0.0,7
11.0,154.0,5.0,82.0,23.0,11.0,5.0,5.0,31.0,70.0,4
11.0,154.0,110.0,0.0,1.0,10.0,5.0,4.0,20.0,82.0,6
11.0,154.0,24.0,68.0,16.0,13.0,1.0,8.0,43.0,59.0,0
11.0,154.0,110.0,0.0,7.0,4.0,4.0,6.0,42.0,59.0,5
11.0,154.0,5.0,82.0,23.0,11.0,5.0,5.0,31.0,70.0,4
11.0,147.0,120.0,1.0,19.0,92.0,0.0,0.0,0.0,0.0,7
11.0,147.0,119.0,2.0,32.0,79.0,0.0,0.0,0.0,0.0,1
11.0,147.0,115.0,6.0,25.0,86.0,0.0,0.0,0.0,0.0,8
11.0,147.0,119.0,1.0,20.0,92.0,0.0,0.0,0.0,0.0,6
11.0,147.0,95.0,26.0,45.0,66.0,0.0,0.0,0.0,0.0,9
11.0,122.0,121.0,0.0,44.0,67.0,0.0,0.0,0.0,0.0,3
11.0,122.0,121.0,0.0,31.0,80.0,0.0,0.0,0.0,0.0,1
11.0,122.0,121.0,0.0,48.0,63.0,0.0,0.0,0.0,0.0,9
11.0,122.0,121.0,0.0,20.0,91.0,0.0,0.0,0.0,0.0,2
11.0,122.0,121.0,0.0,20.0,91.0,0.0,0.0,0.0,0.0,2
10.0,154.0,5.0,74.0,21.0,10.0,1.0,7.0,30.0,63.0,1
10.0,154.0,22.0,64.0,14.0,10.0,3.0,6.0,18.0,74.0,6
10.0,154.0,100.0,0.0,3.0,7.0,4.0,4.0,33.0,60.0,0
10.0,154.0,100.0,0.0,1.0,9.0,3.0,3.0,22.0,73.0,8
10.0,154.0,100.0,0.0,1.0,9.0,3.0,3.0,22.0,73.0,8
10.0,147.0,107.0,3.0,20.0,81.0,0.0,0.0,0.0,0.0,8
10.0,147.0,109.0,1.0,26.0,75.0,0.0,0.0,0.0,0.0,4
10.0,147.0,109.0,1.0,21.0,80.0,0.0,0.0,0.0,0.0,2
10.0,147.0,105.0,5.0,37.0,64.0,0.0,0.0,0.0,0.0,5
10.0,147.0,108.0,2.0,19.0,82.0,0.0,0.0,0.0,0.0,6
10.0,122.0,110.0,0.0,25.0,76.0,0.0,0.0,0.0,0.0,1
10.0,122.0,110.0,0.0,43.0,58.0,0.0,0.0,0.0,0.0,5
10.0,122.0,110.0,0.0,29.0,72.0,0.0,0.0,0.0,0.0,8
10.0,122.0,110.0,0.0,38.0,63.0,0.0,0.0,0.0,0.0,3
10.0,122.0,110.0,0.0,36.0,65.0,0.0,0.0,0.0,0.0,9
9.0,154.0,90.0,0.0,2.0,7.0,2.0,6.0,11.0,72.0,8
9.0,154.0,90.0,0.0,2.0,7.0,2.0,6.0,11.0,72.0,8
9.0,154.0,26.0,46.0,16.0,11.0,3.0,6.0,28.0,54.0,1
9.0,154.0,51.0,33.0,7.0,8.0,5.0,3.0,35.0,48.0,5
9.0,154.0,48.0,34.0,7.0,10.0,3.0,5.0,14.0,69.0,7
9.0,147.0,97.0,1.0,15.0,77.0,0.0,0.0,0.0,0.0,7
9.0,147.0,97.0,1.0,38.0,54.0,0.0,0.0,0.0,0.0,5
9.0,147.0,98.0,1.0,14.0,77.0,0.0,0.0,0.0,0.0,2
9.0,147.0,99.0,0.0,29.0,62.0,0.0,0.0,0.0,0.0,0
9.0,147.0,98.0,1.0,14.0,77.0,0.0,0.0,0.0,0.0,2
9.0,122.0,99.0,0.0,19.0,72.0,0.0,0.0,0.0,0.0,8
9.0,122.0,99.0,0.0,19.0,72.0,0.0,0.0,0.0,0.0,8
9.0,122.0,99.0,0.0,23.0,68.0,0.0,0.0,0.0,0.0,7
9.0,122.0,99.0,0.0,18.0,73.0,0.0,0.0,0.0,0.0,6
9.0,122.0,99.0,0.0,26.0,65.0,0.0,0.0,0.0,0.0,3
8.0,154.0,80.0,0.0,1.0,7.0,3.0,3.0,14.0,61.0,6
8.0,154.0,36.0,38.0,7.0,7.0,3.0,4.0,26.0,48.0,1
8.0,154.0,80.0,0.0,4.0,4.0,4.0,2.0,31.0,44.0,5
8.0,147.0,87.0,1.0,15.0,66.0,0.0,0.0,0.0,0.0,2
8.0,154.0,80.0,0.0,2.0,6.0,2.0,5.0,42.0,32.0,9
8.0,154.0,80.0,0.0,2.0,6.0,1.0,6.0,26.0,48.0,4
8.0,147.0,87.0,1.0,15.0,66.0,0.0,0.0,0.0,0.0,6
8.0,147.0,87.0,1.0,17.0,64.0,0.0,0.0,0.0,0.0,8
8.0,147.0,88.0,0.0,29.0,52.0,0.0,0.0,0.0,0.0,5
8.0,122.0,88.0,0.0,12.0,69.0,0.0,0.0,0.0,0.0,2
8.0,122.0,88.0,0.0,25.0,56.0,0.0,0.0,0.0,0.0,1
8.0,147.0,87.0,1.0,15.0,66.0,0.0,0.0,0.0,0.0,2
8.0,122.0,88.0,0.0,22.0,59.0,0.0,0.0,0.0,0.0,3
8.0,122.0,88.0,0.0,13.0,68.0,0.0,0.0,0.0,0.0,6
8.0,122.0,88.0,0.0,22.0,59.0,0.0,0.0,0.0,0.0,3
7.0,154.0,9.0,48.0,16.0,4.0,4.0,2.0,22.0,43.0,9
7.0,154.0,5.0,51.0,17.0,4.0,2.0,3.0,20.0,46.0,4
7.0,154.0,70.0,0.0,1.0,6.0,1.0,3.0,15.0,52.0,8
7.0,154.0,70.0,0.0,2.0,5.0,3.0,3.0,20.0,45.0,1
7.0,147.0,77.0,0.0,28.0,43.0,0.0,0.0,0.0,0.0,5
7.0,154.0,70.0,0.0,1.0,6.0,2.0,3.0,13.0,53.0,6
7.0,147.0,71.0,6.0,22.0,49.0,0.0,0.0,0.0,0.0,4
7.0,147.0,77.0,0.0,26.0,45.0,0.0,0.0,0.0,0.0,3
7.0,122.0,77.0,0.0,15.0,56.0,0.0,0.0,0.0,0.0,2
7.0,147.0,70.0,7.0,31.0,40.0,0.0,0.0,0.0,0.0,9
7.0,147.0,70.0,7.0,31.0,40.0,0.0,0.0,0.0,0.0,9
7.0,122.0,77.0,0.0,24.0,47.0,0.0,0.0,0.0,0.0,4
7.0,122.0,77.0,0.0,9.0,62.0,0.0,0.0,0.0,0.0,6
7.0,122.0,77.0,0.0,31.0,40.0,0.0,0.0,0.0,0.0,9
7.0,122.0,77.0,0.0,24.0,47.0,0.0,0.0,0.0,0.0,4
6.0,154.0,60.0,0.0,1.0,5.0,4.0,2.0,16.0,39.0,4
6.0,154.0,60.0,0.0,0.0,6.0,2.0,4.0,20.0,35.0,3
6.0,147.0,66.0,0.0,12.0,49.0,0.0,0.0,0.0,0.0,1
6.0,154.0,60.0,0.0,1.0,5.0,4.0,2.0,16.0,39.0,4
6.0,154.0,60.0,0.0,1.0,5.0,4.0,2.0,16.0,39.0,4
6.0,154.0,60.0,0.0,1.0,5.0,5.0,1.0,10.0,45.0,2
6.0,147.0,65.0,1.0,34.0,27.0,0.0,0.0,0.0,0.0,5
6.0,147.0,66.0,0.0,14.0,47.0,0.0,0.0,0.0,0.0,2
6.0,147.0,66.0,0.0,12.0,49.0,0.0,0.0,0.0,0.0,1
6.0,147.0,66.0,0.0,22.0,39.0,0.0,0.0,0.0,0.0,0
6.0,122.0,66.0,0.0,11.0,50.0,0.0,0.0,0.0,0.0,2
6.0,122.0,66.0,0.0,11.0,50.0,0.0,0.0,0.0,0.0,2
6.0,122.0,66.0,0.0,12.0,49.0,0.0,0.0,0.0,0.0,8
5.0,147.0,54.0,1.0,12.0,39.0,0.0,0.0,0.0,0.0,8
5.0,147.0,55.0,0.0,17.0,34.0,0.0,0.0,0.0,0.0,2
5.0,147.0,55.0,0.0,8.0,43.0,0.0,0.0,0.0,0.0,6
5.0,147.0,55.0,0.0,18.0,33.0,0.0,0.0,0.0,0.0,3
5.0,147.0,55.0,0.0,17.0,34.0,0.0,0.0,0.0,0.0,2
5.0,122.0,55.0,0.0,8.0,43.0,0.0,0.0,0.0,0.0,7
5.0,122.0,55.0,0.0,10.0,41.0,0.0,0.0,0.0,0.0,6
5.0,122.0,55.0,0.0,16.0,35.0,0.0,0.0,0.0,0.0,1
5.0,122.0,55.0,0.0,17.0,34.0,0.0,0.0,0.0,0.0,3
5.0,122.0,55.0,0.0,17.0,34.0,0.0,0.0,0.0,0.0,3
4.0,154.0,40.0,0.0,0.0,4.0,3.0,1.0,10.0,27.0,1
4.0,154.0,40.0,0.0,0.0,4.0,1.0,2.0,14.0,24.0,4
4.0,147.0,44.0,0.0,10.0,31.0,0.0,0.0,0.0,0.0,4
4.0,154.0,40.0,0.0,0.0,4.0,3.0,1.0,10.0,27.0,1
4.0,147.0,44.0,0.0,4.0,37.0,0.0,0.0,0.0,0.0,7
4.0,147.0,44.0,0.0,4.0,37.0,0.0,0.0,0.0,0.0,7
4.0,154.0,40.0,0.0,1.0,3.0,1.0,2.0,13.0,25.0,6
4.0,154.0,40.0,0.0,1.0,3.0,1.0,2.0,13.0,25.0,6
4.0,147.0,44.0,0.0,21.0,20.0,0.0,0.0,0.0,0.0,9
4.0,147.0,43.0,1.0,10.0,31.0,0.0,0.0,0.0,0.0,6
4.0,122.0,44.0,0.0,5.0,36.0,0.0,0.0,0.0,0.0,8
4.0,122.0,44.0,0.0,8.0,33.0,0.0,0.0,0.0,0.0,2
4.0,122.0,44.0,0.0,19.0,22.0,0.0,0.0,0.0,0.0,4
4.0,122.0,44.0,0.0,13.0,28.0,0.0,0.0,0.0,0.0,1
4.0,122.0,44.0,0.0,19.0,22.0,0.0,0.0,0.0,0.0,4
3.0,154.0,30.0,0.0,1.0,2.0,1.0,2.0,5.0,23.0,2
3.0,154.0,30.0,0.0,1.0,2.0,1.0,2.0,13.0,15.0,5
3.0,154.0,30.0,0.0,1.0,2.0,2.0,0.0,7.0,22.0,3
3.0,154.0,30.0,0.0,1.0,2.0,2.0,1.0,11.0,17.0,1
3.0,154.0,30.0,0.0,2.0,1.0,1.0,1.0,12.0,17.0,4
3.0,147.0,32.0,1.0,8.0,23.0,0.0,0.0,0.0,0.0,2
3.0,147.0,33.0,0.0,16.0,15.0,0.0,0.0,0.0,0.0,9
3.0,147.0,33.0,0.0,14.0,17.0,0.0,0.0,0.0,0.0,5
3.0,122.0,33.0,0.0,9.0,22.0,0.0,0.0,0.0,0.0,3
3.0,147.0,33.0,0.0,12.0,19.0,0.0,0.0,0.0,0.0,4
3.0,122.0,33.0,0.0,8.0,23.0,0.0,0.0,0.0,0.0,7
3.0,122.0,33.0,0.0,11.0,20.0,0.0,0.0,0.0,0.0,2
3.0,147.0,33.0,0.0,14.0,17.0,0.0,0.0,0.0,0.0,5
3.0,122.0,33.0,0.0,15.0,16.0,0.0,0.0,0.0,0.0,9
3.0,122.0,33.0,0.0,13.0,18.0,0.0,0.0,0.0,0.0,1
2.0,154.0,20.0,0.0,0.0,2.0,2.0,0.0,2.0,17.0,4
2.0,154.0,20.0,0.0,1.0,1.0,1.0,0.0,6.0,14.0,1
2.0,154.0,20.0,0.0,1.0,1.0,1.0,0.0,6.0,14.0,1
2.0,154.0,20.0,0.0,2.0,0.0,1.0,0.0,6.0,14.0,5
2.0,154.0,20.0,0.0,1.0,1.0,2.0,0.0,3.0,16.0,7
2.0,147.0,22.0,0.0,1.0,20.0,0.0,0.0,0.0,0.0,7
2.0,147.0,22.0,0.0,1.0,20.0,0.0,0.0,0.0,0.0,7
2.0,147.0,22.0,0.0,7.0,14.0,0.0,0.0,0.0,0.0,6
2.0,147.0,22.0,0.0,8.0,13.0,0.0,0.0,0.0,0.0,4
2.0,122.0,22.0,0.0,10.0,11.0,0.0,0.0,0.0,0.0,0
2.0,147.0,22.0,0.0,7.0,14.0,0.0,0.0,0.0,0.0,3
2.0,122.0,22.0,0.0,9.0,12.0,0.0,0.0,0.0,0.0,5
2.0,122.0,22.0,0.0,2.0,19.0,0.0,0.0,0.0,0.0,7
2.0,122.0,22.0,0.0,2.0,19.0,0.0,0.0,0.0,0.0,7
2.0,122.0,22.0,0.0,9.0,12.0,0.0,0.0,0.0,0.0,5
1.0,154.0,10.0,0.0,0.0,1.0,1.0,0.0,3.0,7.0,0
1.0,154.0,10.0,0.0,0.0,1.0,1.0,0.0,4.0,6.0,3
1.0,154.0,10.0,0.0,1.0,0.0,1.0,0.0,0.0,10.0,2
1.0,154.0,10.0,0.0,0.0,1.0,1.0,0.0,5.0,5.0,9
1.0,154.0,10.0,0.0,0.0,1.0,1.0,0.0,5.0,5.0,9
1.0,147.0,11.0,0.0,1.0,10.0,0.0,0.0,0.0,0.0,8
1.0,147.0,11.0,0.0,8.0,3.0,0.0,0.0,0.0,0.0,5
1.0,147.0,11.0,0.0,0.0,11.0,0.0,0.0,0.0,0.0,2
1.0,122.0,12.0,1.0,0.0,9.0,0.0,0.0,0.0,0.0,6
1.0,147.0,11.0,0.0,2.0,9.0,0.0,0.0,0.0,0.0,1
1.0,147.0,11.0,0.0,2.0,9.0,0.0,0.0,0.0,0.0,1
1.0,122.0,11.0,0.0,3.0,8.0,0.0,0.0,0.0,0.0,8
